44.2242304,-76.4972279,105.803,0.023,05:16:2023:16:11:30.282339
44.2242283,-76.4972261,105.885,0.003,05:16:2023:16:11:32.278393
44.224228,-76.4972259,105.815,0.042,05:16:2023:16:11:33.279442
44.2242267,-76.4972259,106.025,0.014,05:16:2023:16:11:34.279456
44.2242251,-76.4972258,106.338,0.008,05:16:2023:16:11:35.278744
44.2242233,-76.4972256,106.698,0.001,05:16:2023:16:11:36.279745
44.2242213,-76.4972259,107.14,0.019,05:16:2023:16:11:37.278631
44.2242194,-76.497226,107.49,0.046,05:16:2023:16:11:38.279267
44.2242173,-76.4972262,107.932,0.013,05:16:2023:16:11:39.279063
44.2242154,-76.4972267,108.419,0.035,05:16:2023:16:11:40.278381
44.2242137,-76.497227,108.846,0.004,05:16:2023:16:11:41.281268
44.2242119,-76.4972273,109.312,0.004,05:16:2023:16:11:42.281124
44.2242102,-76.4972278,109.777,0.013,05:16:2023:16:11:43.282431
44.2242084,-76.4972283,110.282,0.013,05:16:2023:16:11:44.282802
44.2242066,-76.4972286,110.783,0.009,05:16:2023:16:11:45.281097
44.2242051,-76.4972289,111.206,0.023,05:16:2023:16:11:46.279039
44.2242034,-76.4972291,111.62,0.014,05:16:2023:16:11:47.280185
44.2242015,-76.4972293,112.133,0.006,05:16:2023:16:11:48.277425
44.2241997,-76.4972292,112.579,0.016,05:16:2023:16:11:49.274700
44.2241982,-76.497229,112.891,0.011,05:16:2023:16:11:50.278037
44.2241967,-76.4972284,113.12,0.022,05:16:2023:16:11:51.280351
44.2241953,-76.497228,113.355,0.008,05:16:2023:16:11:52.282131
44.2241937,-76.4972277,113.636,0.006,05:16:2023:16:11:53.281152
44.2241932,-76.4972275,113.709,0.025,05:16:2023:16:11:54.281005
44.2241925,-76.497227,113.788,0.031,05:16:2023:16:11:55.282181
44.2241921,-76.4972268,113.861,0.002,05:16:2023:16:11:56.282850
44.2241918,-76.4972266,113.9,0.004,05:16:2023:16:11:57.280633
44.2241915,-76.4972264,113.907,0.003,05:16:2023:16:11:58.277391
44.2241914,-76.4972265,113.889,0.014,05:16:2023:16:11:59.278272
44.2241915,-76.4972266,113.766,0.006,05:16:2023:16:12:00.278935
44.2241917,-76.4972266,113.617,0.009,05:16:2023:16:12:01.278808
44.2241917,-76.4972264,113.587,0.025,05:16:2023:16:12:02.277910
44.224192,-76.4972263,113.492,0.012,05:16:2023:16:12:03.277578
44.2241925,-76.4972265,113.376,0.022,05:16:2023:16:12:04.277076
44.224193,-76.4972268,113.332,0.047,05:16:2023:16:12:05.276144
44.2241936,-76.4972268,113.215,0.006,05:16:2023:16:12:06.277013
44.2241944,-76.4972267,113.007,0.027,05:16:2023:16:12:07.273801
44.2241951,-76.4972262,112.823,0.017,05:16:2023:16:12:08.277877
44.2241958,-76.4972258,112.656,0.019,05:16:2023:16:12:09.277327
44.2241964,-76.4972254,112.504,0.016,05:16:2023:16:12:10.278786
44.2241969,-76.4972251,112.314,0.021,05:16:2023:16:12:11.278733
44.2241974,-76.4972249,112.123,0.001,05:16:2023:16:12:12.278256
44.2241975,-76.4972243,112.015,0.024,05:16:2023:16:12:13.279042
44.2241981,-76.4972239,111.8,0.005,05:16:2023:16:12:14.278757
44.2241983,-76.4972238,111.724,0.024,05:16:2023:16:12:15.281256
44.2241991,-76.4972241,111.564,0.031,05:16:2023:16:12:16.274722
44.2241995,-76.4972243,111.46,0.021,05:16:2023:16:12:17.278381
44.2242001,-76.4972242,111.3,0.023,05:16:2023:16:12:18.278766
44.2242006,-76.497224,111.126,0.019,05:16:2023:16:12:19.279840
44.2242008,-76.4972237,111.064,0.029,05:16:2023:16:12:20.279304
44.2242011,-76.4972237,111.013,0.023,05:16:2023:16:12:21.280228
44.2242013,-76.4972239,110.926,0.03,05:16:2023:16:12:22.282911
44.2242018,-76.4972242,110.809,0.032,05:16:2023:16:12:23.282057
44.2242026,-76.4972248,110.59,0.033,05:16:2023:16:12:24.281213
44.2242035,-76.4972253,110.351,0.041,05:16:2023:16:12:25.276352
44.2242048,-76.4972257,110.007,0.037,05:16:2023:16:12:26.279600
44.2242055,-76.4972259,109.843,0.005,05:16:2023:16:12:27.281005
44.2242068,-76.4972258,109.41,0.028,05:16:2023:16:12:28.283842
44.2242083,-76.4972257,108.928,0.013,05:16:2023:16:12:29.281342
44.2242093,-76.497225,108.392,0.024,05:16:2023:16:12:30.284020
44.2242102,-76.4972246,108.048,0.012,05:16:2023:16:12:31.282118
44.2242112,-76.4972246,107.697,0.014,05:16:2023:16:12:32.282010
44.2242125,-76.4972246,107.281,0.018,05:16:2023:16:12:33.279130
44.224214,-76.4972247,106.834,0.013,05:16:2023:16:12:34.275153
44.2242154,-76.497225,106.398,0.009,05:16:2023:16:12:35.279237
44.2242169,-76.4972255,105.962,0.007,05:16:2023:16:12:36.279918
44.2242184,-76.4972261,105.565,0.027,05:16:2023:16:12:37.280802
44.2242202,-76.4972268,105.211,0.018,05:16:2023:16:12:38.279899
44.2242217,-76.4972274,104.929,0.019,05:16:2023:16:12:39.278981
44.2242231,-76.4972279,104.594,0.013,05:16:2023:16:12:40.279642
44.2242249,-76.497229,104.22,0.018,05:16:2023:16:12:41.278162
44.2242265,-76.4972301,103.991,0.009,05:16:2023:16:12:42.279129
44.2242281,-76.4972312,103.734,0.017,05:16:2023:16:12:43.273382
44.2242294,-76.4972321,103.509,0.009,05:16:2023:16:12:44.276317
44.2242313,-76.4972334,103.241,0.025,05:16:2023:16:12:45.279085
44.224233,-76.4972346,103.01,0.015,05:16:2023:16:12:46.279561
44.2242346,-76.4972358,102.84,0.016,05:16:2023:16:12:47.279086
44.2242361,-76.4972369,102.696,0.024,05:16:2023:16:12:48.281391
44.2242374,-76.4972382,102.638,0.014,05:16:2023:16:12:49.280976
44.2242388,-76.4972394,102.57,0.007,05:16:2023:16:12:50.280803
44.22424,-76.4972405,102.542,0.019,05:16:2023:16:12:51.281438
44.2242409,-76.4972414,102.565,0.024,05:16:2023:16:12:52.276175
44.2242424,-76.4972429,102.501,0.02,05:16:2023:16:12:53.278339
44.224243,-76.4972433,102.552,0.016,05:16:2023:16:12:54.281127
44.2242436,-76.4972439,102.596,0.01,05:16:2023:16:12:55.279872
44.2242446,-76.4972447,102.591,0.007,05:16:2023:16:12:56.278263
44.2242451,-76.4972453,102.712,0.031,05:16:2023:16:12:57.281205
44.2242457,-76.4972459,102.718,0.029,05:16:2023:16:12:58.278995
44.2242465,-76.4972465,102.705,0.016,05:16:2023:16:12:59.279930
44.2242472,-76.4972471,102.666,0.013,05:16:2023:16:13:00.279867
44.2242479,-76.4972479,102.676,0.014,05:16:2023:16:13:01.275237
44.2242482,-76.4972482,102.724,0.021,05:16:2023:16:13:02.279424
44.2242485,-76.4972485,102.772,0.003,05:16:2023:16:13:03.279322
44.2242487,-76.4972486,102.836,0.004,05:16:2023:16:13:04.278099
44.2242489,-76.4972484,102.893,0.012,05:16:2023:16:13:05.281181
44.2242487,-76.4972477,102.993,0.027,05:16:2023:16:13:06.278356
44.2242491,-76.4972477,102.914,0.022,05:16:2023:16:13:07.280319
44.2242496,-76.4972483,102.874,0.024,05:16:2023:16:13:08.280201
44.2242495,-76.4972485,102.914,0.015,05:16:2023:16:13:09.283332
44.224249,-76.4972477,103.058,0.032,05:16:2023:16:13:10.277112
44.2242487,-76.4972469,103.15,0.004,05:16:2023:16:13:11.281174
44.2242489,-76.4972466,103.06,0.019,05:16:2023:16:13:12.282010
44.224249,-76.4972463,103.078,0.045,05:16:2023:16:13:13.280128
44.2242489,-76.4972459,103.111,0.007,05:16:2023:16:13:14.279090
44.2242491,-76.497246,103.064,0.007,05:16:2023:16:13:15.280351
44.2242495,-76.4972467,102.986,0.008,05:16:2023:16:13:16.277806
44.2242494,-76.4972462,103.004,0.015,05:16:2023:16:13:17.274808
44.224249,-76.4972453,103.059,0.007,05:16:2023:16:13:18.276956
44.2242485,-76.4972442,103.233,0.016,05:16:2023:16:13:19.274355
44.2242483,-76.4972435,103.279,0.006,05:16:2023:16:13:20.277222
44.2242481,-76.4972428,103.352,0.018,05:16:2023:16:13:21.279080
44.2242483,-76.4972428,103.316,0.003,05:16:2023:16:13:22.278743
44.2242487,-76.4972429,103.214,0.005,05:16:2023:16:13:23.276833
44.2242489,-76.4972429,103.121,0.011,05:16:2023:16:13:24.279212
44.2242491,-76.4972426,103.062,0.013,05:16:2023:16:13:25.277678
44.224249,-76.4972421,103.049,0.011,05:16:2023:16:13:26.278048
44.2242487,-76.4972416,103.049,0.01,05:16:2023:16:13:27.276424
44.2242488,-76.4972411,102.918,0.002,05:16:2023:16:13:28.272984
44.224249,-76.4972404,102.787,0.009,05:16:2023:16:13:29.278241
44.2242491,-76.4972399,102.729,0.01,05:16:2023:16:13:30.277330
44.2242492,-76.4972396,102.661,0.023,05:16:2023:16:13:31.277921
44.2242492,-76.4972391,102.648,0.019,05:16:2023:16:13:32.277242
44.2242494,-76.4972384,102.442,0.013,05:16:2023:16:13:33.278099
44.22425,-76.4972379,102.131,0.005,05:16:2023:16:13:34.278332
44.2242503,-76.497237,101.85,0.015,05:16:2023:16:13:35.278880
44.2242509,-76.4972364,101.536,0.017,05:16:2023:16:13:36.280240
44.2242516,-76.4972358,101.247,0.018,05:16:2023:16:13:37.277081
44.2242524,-76.4972352,100.898,0.014,05:16:2023:16:13:38.281235
44.2242531,-76.4972341,100.486,0.022,05:16:2023:16:13:39.282772
44.2242535,-76.4972329,100.169,0.002,05:16:2023:16:13:40.281575
44.224254,-76.4972319,99.883,0.023,05:16:2023:16:13:41.282666
44.2242543,-76.4972311,99.693,0.015,05:16:2023:16:13:42.282533
44.2242544,-76.497231,99.698,0.015,05:16:2023:16:13:43.281514
44.2242544,-76.4972307,99.685,0.01,05:16:2023:16:13:44.280266
44.2242542,-76.4972306,99.664,0.013,05:16:2023:16:13:45.281522
44.2242538,-76.4972307,99.8,0.005,05:16:2023:16:13:46.277528
44.2242538,-76.4972308,99.879,0.025,05:16:2023:16:13:47.279412
44.2242539,-76.497231,99.909,0.022,05:16:2023:16:13:48.279352
44.2242533,-76.4972306,100.042,0.005,05:16:2023:16:13:49.282283
44.2242528,-76.4972304,100.112,0.005,05:16:2023:16:13:50.282422
44.2242524,-76.4972303,100.229,0.025,05:16:2023:16:13:51.281044
44.2242528,-76.4972305,100.119,0.026,05:16:2023:16:13:52.280016
44.2242534,-76.497231,99.983,0.015,05:16:2023:16:13:53.280496
44.2242543,-76.4972312,99.719,0.008,05:16:2023:16:13:54.279925
44.2242551,-76.4972311,99.438,0.014,05:16:2023:16:13:55.277911
44.2242556,-76.4972305,99.197,0.049,05:16:2023:16:13:56.278879
44.2242562,-76.4972299,98.938,0.033,05:16:2023:16:13:57.281243
44.2242573,-76.4972297,98.608,0.014,05:16:2023:16:13:58.278925
44.2242579,-76.4972296,98.413,0.009,05:16:2023:16:13:59.280720
44.2242583,-76.4972288,98.136,0.017,05:16:2023:16:14:00.279765
44.2242585,-76.4972285,98.002,0.026,05:16:2023:16:14:01.279076
44.224259,-76.4972281,97.879,0.007,05:16:2023:16:14:02.278157
44.2242594,-76.4972276,97.713,0.027,05:16:2023:16:14:03.279949
44.2242599,-76.4972268,97.477,0.003,05:16:2023:16:14:04.275974
44.2242607,-76.4972261,97.231,0.035,05:16:2023:16:14:05.279789
44.2242613,-76.4972255,96.951,0.021,05:16:2023:16:14:06.279123
44.2242624,-76.497225,96.592,0.026,05:16:2023:16:14:07.277319
44.2242636,-76.4972244,96.173,0.021,05:16:2023:16:14:08.277815
44.2242648,-76.4972238,95.77,0.034,05:16:2023:16:14:09.278001
44.2242651,-76.4972231,95.573,0.01,05:16:2023:16:14:10.281197
44.2242654,-76.497222,95.476,0.022,05:16:2023:16:14:11.279042
44.2242652,-76.4972208,95.461,0.033,05:16:2023:16:14:12.282259
44.2242651,-76.4972196,95.31,0.012,05:16:2023:16:14:13.277056
44.2242648,-76.4972187,95.264,0.011,05:16:2023:16:14:14.280152
44.2242644,-76.4972173,95.209,0.004,05:16:2023:16:14:15.280855
44.2242646,-76.4972167,95.062,0.037,05:16:2023:16:14:16.280732
44.2242647,-76.4972163,94.976,0.048,05:16:2023:16:14:17.281127
44.224265,-76.4972159,94.786,0.018,05:16:2023:16:14:18.280496
44.2242653,-76.4972154,94.583,0.0,05:16:2023:16:14:19.277662
44.2242654,-76.497215,94.445,0.01,05:16:2023:16:14:20.277322
44.2242656,-76.4972149,94.33,0.018,05:16:2023:16:14:21.277967
44.2242657,-76.4972147,94.26,0.025,05:16:2023:16:14:22.274753
44.2242658,-76.4972144,94.161,0.005,05:16:2023:16:14:23.278126
44.2242663,-76.4972144,94.016,0.018,05:16:2023:16:14:24.281628
44.2242662,-76.497214,93.917,0.003,05:16:2023:16:14:25.283815
44.2242664,-76.4972134,93.81,0.023,05:16:2023:16:14:26.281260
44.2242666,-76.4972129,93.72,0.04,05:16:2023:16:14:27.283340
44.2242669,-76.4972125,93.587,0.02,05:16:2023:16:14:28.280007
44.2242672,-76.497212,93.542,0.015,05:16:2023:16:14:29.281340
44.2242678,-76.4972117,93.446,0.011,05:16:2023:16:14:30.282234
44.2242686,-76.4972114,93.247,0.033,05:16:2023:16:14:31.276178
44.2242692,-76.4972111,93.145,0.013,05:16:2023:16:14:32.279145
44.2242697,-76.4972103,93.004,0.012,05:16:2023:16:14:33.280884
44.2242696,-76.4972093,92.936,0.01,05:16:2023:16:14:34.277277
44.2242696,-76.4972087,92.906,0.015,05:16:2023:16:14:35.276281
44.2242696,-76.4972086,92.878,0.017,05:16:2023:16:14:36.277639
44.2242694,-76.4972079,92.829,0.006,05:16:2023:16:14:37.280298
44.2242694,-76.4972075,92.791,0.032,05:16:2023:16:14:38.278023
44.2242692,-76.4972069,92.722,0.012,05:16:2023:16:14:39.279581
44.2242688,-76.4972057,92.645,0.005,05:16:2023:16:14:40.274385
44.2242682,-76.4972046,92.666,0.025,05:16:2023:16:14:41.279692
44.224268,-76.4972038,92.595,0.011,05:16:2023:16:14:42.280136
44.2242675,-76.4972031,92.687,0.015,05:16:2023:16:14:43.279139
44.2242671,-76.4972022,92.666,0.007,05:16:2023:16:14:44.279222
44.2242668,-76.4972013,92.587,0.043,05:16:2023:16:14:45.280351
44.2242669,-76.4972009,92.504,0.02,05:16:2023:16:14:46.279206
44.2242673,-76.4972021,92.573,0.025,05:16:2023:16:14:47.279157
44.2242679,-76.4972036,92.521,0.027,05:16:2023:16:14:48.280120
44.2242685,-76.4972054,92.51,0.046,05:16:2023:16:14:49.277177
44.2242693,-76.4972072,92.444,0.02,05:16:2023:16:14:50.279328
44.2242698,-76.4972089,92.474,0.036,05:16:2023:16:14:51.283049
44.224271,-76.4972107,92.194,0.044,05:16:2023:16:14:52.279442
44.2242719,-76.4972123,91.995,0.034,05:16:2023:16:14:53.278055
44.2242733,-76.4972139,91.551,0.024,05:16:2023:16:14:54.282979
44.2242742,-76.4972152,91.362,0.024,05:16:2023:16:14:55.280340
44.2242751,-76.4972167,91.142,0.005,05:16:2023:16:14:56.276315
44.2242764,-76.4972185,90.855,0.012,05:16:2023:16:14:57.277792
44.2242778,-76.4972202,90.474,0.012,05:16:2023:16:14:58.272019
44.2242793,-76.4972219,90.058,0.003,05:16:2023:16:14:59.278283
44.2242809,-76.4972237,89.601,0.016,05:16:2023:16:15:00.280121
44.2242822,-76.4972256,89.337,0.007,05:16:2023:16:15:01.278859
44.2242841,-76.4972277,88.911,0.048,05:16:2023:16:15:02.277160
44.2242846,-76.497228,88.616,0.026,05:16:2023:16:15:03.279957
44.2242844,-76.4972284,88.649,0.011,05:16:2023:16:15:04.281381
44.2242849,-76.4972297,88.62,0.023,05:16:2023:16:15:05.279021
44.2242857,-76.4972314,88.61,0.023,05:16:2023:16:15:06.278169
44.2242853,-76.4972314,88.7,0.011,05:16:2023:16:15:07.273956
44.2242842,-76.4972299,88.844,0.008,05:16:2023:16:15:08.281439
44.2242826,-76.4972276,89.012,0.028,05:16:2023:16:15:09.282015
44.2242836,-76.4972297,88.975,0.037,05:16:2023:16:15:10.280903
44.2242825,-76.4972285,89.1,0.057,05:16:2023:16:15:11.282951
44.2242809,-76.4972265,89.159,0.045,05:16:2023:16:15:12.280355
44.2242789,-76.4972236,89.215,0.04,05:16:2023:16:15:13.280618
44.2242792,-76.4972239,88.986,0.035,05:16:2023:16:15:14.282622
44.2242774,-76.4972218,89.112,0.007,05:16:2023:16:15:15.283193
44.2242756,-76.497219,89.17,0.03,05:16:2023:16:15:16.279428
44.2242733,-76.4972166,89.433,0.014,05:16:2023:16:15:17.281619
44.2242707,-76.4972138,89.705,0.048,05:16:2023:16:15:18.281409
44.2242679,-76.4972106,89.966,0.009,05:16:2023:16:15:19.279152
44.2242647,-76.4972069,90.291,0.009,05:16:2023:16:15:20.278904
44.224261,-76.4972029,90.741,0.024,05:16:2023:16:15:21.278001
44.2242588,-76.4972008,90.989,0.005,05:16:2023:16:15:22.281268
44.2242573,-76.4971991,91.127,0.009,05:16:2023:16:15:23.281160
44.2242559,-76.4971974,91.25,0.019,05:16:2023:16:15:24.279228
44.2242545,-76.4971956,91.316,0.011,05:16:2023:16:15:25.274999
44.2242532,-76.4971943,91.499,0.02,05:16:2023:16:15:26.280207
44.2242517,-76.4971931,91.709,0.012,05:16:2023:16:15:27.282930
44.2242501,-76.4971918,91.932,0.013,05:16:2023:16:15:28.281014
44.2242486,-76.4971906,92.166,0.011,05:16:2023:16:15:29.280442
44.2242473,-76.4971892,92.329,0.018,05:16:2023:16:15:30.282819
44.2242461,-76.4971883,92.524,0.012,05:16:2023:16:15:31.283161
44.2242453,-76.4971883,92.791,0.048,05:16:2023:16:15:32.282349
44.2242444,-76.4971879,92.979,0.009,05:16:2023:16:15:33.282919
44.2242441,-76.4971882,93.136,0.058,05:16:2023:16:15:34.280032
44.2242438,-76.4971888,93.347,0.038,05:16:2023:16:15:35.279994
44.2242437,-76.4971894,93.482,0.011,05:16:2023:16:15:36.281344
44.2242438,-76.4971898,93.568,0.025,05:16:2023:16:15:37.279700
44.2242438,-76.4971904,93.682,0.03,05:16:2023:16:15:38.279243
44.2242442,-76.497191,93.676,0.006,05:16:2023:16:15:39.282959
44.2242447,-76.4971915,93.664,0.007,05:16:2023:16:15:40.279097
44.2242455,-76.4971922,93.609,0.007,05:16:2023:16:15:41.277232
44.2242463,-76.4971928,93.495,0.007,05:16:2023:16:15:42.279886
44.2242468,-76.4971932,93.409,0.02,05:16:2023:16:15:43.275813
44.2242475,-76.4971941,93.409,0.045,05:16:2023:16:15:44.277333
44.2242486,-76.4971952,93.307,0.015,05:16:2023:16:15:45.280977
44.2242493,-76.4971961,93.335,0.017,05:16:2023:16:15:46.280212
44.2242503,-76.4971972,93.364,0.018,05:16:2023:16:15:47.279250
44.224252,-76.4971982,93.22,0.021,05:16:2023:16:15:48.279161
44.2242533,-76.4971991,93.196,0.006,05:16:2023:16:15:49.281339
44.2242549,-76.4972007,93.148,0.037,05:16:2023:16:15:50.280117
44.2242561,-76.4972017,93.152,0.014,05:16:2023:16:15:51.281679
44.2242574,-76.4972026,93.12,0.033,05:16:2023:16:15:52.274880
44.224259,-76.497204,93.031,0.026,05:16:2023:16:15:53.278310
44.2242607,-76.4972052,92.903,0.011,05:16:2023:16:15:54.279101
44.2242622,-76.4972066,92.874,0.035,05:16:2023:16:15:55.280426
44.2242635,-76.497208,92.833,0.023,05:16:2023:16:15:56.279184
44.2242647,-76.497209,92.773,0.006,05:16:2023:16:15:57.279779
44.224266,-76.49721,92.737,0.021,05:16:2023:16:15:58.278126
44.2242671,-76.4972104,92.701,0.017,05:16:2023:16:15:59.277717
44.2242686,-76.4972117,92.636,0.057,05:16:2023:16:16:00.277977
44.2242702,-76.4972124,92.457,0.037,05:16:2023:16:16:01.275090
44.224272,-76.4972126,92.214,0.051,05:16:2023:16:16:02.278038
44.2242732,-76.4972126,92.1,0.04,05:16:2023:16:16:03.278941
44.2242749,-76.4972133,91.912,0.029,05:16:2023:16:16:04.275587
44.2242769,-76.4972146,91.758,0.027,05:16:2023:16:16:05.277049
44.224278,-76.4972145,91.625,0.05,05:16:2023:16:16:06.279258
44.2242796,-76.4972151,91.41,0.041,05:16:2023:16:16:07.281106
44.224281,-76.4972152,91.121,0.026,05:16:2023:16:16:08.281886
44.2242822,-76.4972151,90.83,0.016,05:16:2023:16:16:09.279724
44.2242834,-76.4972152,90.636,0.041,05:16:2023:16:16:10.275155
44.2242848,-76.4972158,90.425,0.062,05:16:2023:16:16:11.280912
44.2242855,-76.497216,90.335,0.019,05:16:2023:16:16:12.280112
44.2242863,-76.4972162,90.243,0.01,05:16:2023:16:16:13.279040
44.2242869,-76.497215,90.124,0.01,05:16:2023:16:16:14.279394
44.2242876,-76.4972142,89.991,0.016,05:16:2023:16:16:15.280278
44.2242883,-76.4972127,89.75,0.036,05:16:2023:16:16:16.281380
44.2242887,-76.4972112,89.589,0.017,05:16:2023:16:16:17.279969
44.2242888,-76.4972098,89.387,0.024,05:16:2023:16:16:18.278258
44.2242891,-76.4972083,89.158,0.028,05:16:2023:16:16:19.275391
44.2242895,-76.4972062,88.769,0.083,05:16:2023:16:16:20.279250
44.2242899,-76.4972044,88.568,0.037,05:16:2023:16:16:21.281455
44.2242903,-76.4972042,88.537,0.014,05:16:2023:16:16:22.282515
44.2242908,-76.497204,88.484,0.023,05:16:2023:16:16:23.279485
44.2242914,-76.4972041,88.495,0.02,05:16:2023:16:16:24.279957
44.2242918,-76.4972039,88.48,0.006,05:16:2023:16:16:25.277205
44.2242919,-76.4972042,88.574,0.006,05:16:2023:16:16:26.278421
44.2242921,-76.4972045,88.667,0.007,05:16:2023:16:16:27.279427
44.2242922,-76.4972051,88.805,0.012,05:16:2023:16:16:28.274231
44.2242919,-76.4972051,88.9,0.011,05:16:2023:16:16:29.278161
44.2242915,-76.497205,89.085,0.003,05:16:2023:16:16:30.277743
44.2242909,-76.4972045,89.251,0.025,05:16:2023:16:16:31.279758
44.2242904,-76.4972044,89.472,0.018,05:16:2023:16:16:32.280127
44.2242898,-76.4972038,89.613,0.012,05:16:2023:16:16:33.278028
44.2242896,-76.497204,89.754,0.018,05:16:2023:16:16:34.278914
44.2242893,-76.4972045,89.894,0.02,05:16:2023:16:16:35.276331
44.2242894,-76.4972057,90.045,0.019,05:16:2023:16:16:36.275109
44.2242893,-76.4972064,90.188,0.01,05:16:2023:16:16:37.272087
44.2242894,-76.4972075,90.372,0.015,05:16:2023:16:16:38.279711
44.224289,-76.4972084,90.714,0.009,05:16:2023:16:16:39.282180
44.2242887,-76.4972091,90.998,0.012,05:16:2023:16:16:40.278837
44.2242879,-76.4972095,91.376,0.006,05:16:2023:16:16:41.278009
44.224287,-76.4972098,91.769,0.019,05:16:2023:16:16:42.279879
44.224286,-76.49721,92.114,0.008,05:16:2023:16:16:43.279379
44.2242851,-76.4972101,92.45,0.015,05:16:2023:16:16:44.278604
44.2242839,-76.4972099,92.784,0.015,05:16:2023:16:16:45.280691
44.2242829,-76.49721,93.144,0.024,05:16:2023:16:16:46.275292
44.2242812,-76.4972092,93.586,0.012,05:16:2023:16:16:47.277946
44.2242798,-76.4972086,93.965,0.01,05:16:2023:16:16:48.278168
44.224278,-76.4972074,94.388,0.026,05:16:2023:16:16:49.277799
44.2242762,-76.4972064,94.772,0.004,05:16:2023:16:16:50.277342
44.224274,-76.4972049,95.214,0.016,05:16:2023:16:16:51.283870
44.2242722,-76.4972034,95.478,0.015,05:16:2023:16:16:52.280273
44.2242707,-76.497202,95.605,0.017,05:16:2023:16:16:53.280331
44.2242693,-76.4972007,95.846,0.035,05:16:2023:16:16:54.279919
44.2242678,-76.4971997,96.26,0.019,05:16:2023:16:16:55.276168
44.2242663,-76.4971988,96.613,0.014,05:16:2023:16:16:56.280489
44.2242647,-76.4971981,97.022,0.02,05:16:2023:16:16:57.281670
44.224263,-76.4971976,97.53,0.039,05:16:2023:16:16:58.279539
44.2242613,-76.497197,97.994,0.009,05:16:2023:16:16:59.278603
44.22426,-76.4971964,98.387,0.022,05:16:2023:16:17:00.282391
44.2242585,-76.4971957,98.824,0.018,05:16:2023:16:17:01.281167
44.2242574,-76.4971948,99.152,0.019,05:16:2023:16:17:02.280032
44.2242566,-76.4971945,99.477,0.034,05:16:2023:16:17:03.280862
44.2242556,-76.497194,99.763,0.007,05:16:2023:16:17:04.276291
44.2242547,-76.4971935,100.035,0.012,05:16:2023:16:17:05.280226
44.2242536,-76.4971933,100.356,0.011,05:16:2023:16:17:06.280864
44.2242528,-76.4971934,100.679,0.031,05:16:2023:16:17:07.278950
44.2242521,-76.4971939,101.018,0.02,05:16:2023:16:17:08.279034
44.2242517,-76.4971943,101.254,0.027,05:16:2023:16:17:09.280249
44.2242512,-76.4971945,101.467,0.024,05:16:2023:16:17:10.279379
44.2242506,-76.4971944,101.678,0.019,05:16:2023:16:17:11.276965
44.22425,-76.4971943,101.88,0.015,05:16:2023:16:17:12.276990
44.2242496,-76.4971944,102.013,0.004,05:16:2023:16:17:13.276953
44.2242492,-76.4971942,102.146,0.022,05:16:2023:16:17:14.278151
44.2242487,-76.497194,102.265,0.011,05:16:2023:16:17:15.281250
44.224248,-76.4971934,102.423,0.025,05:16:2023:16:17:16.279994
44.2242475,-76.4971927,102.417,0.024,05:16:2023:16:17:17.281310
44.224247,-76.4971922,102.371,0.022,05:16:2023:16:17:18.281356
44.2242467,-76.497192,102.337,0.012,05:16:2023:16:17:19.283191
44.2242462,-76.4971917,102.421,0.024,05:16:2023:16:17:20.279811
44.2242457,-76.4971915,102.579,0.027,05:16:2023:16:17:21.279597
44.2242455,-76.4971909,102.616,0.023,05:16:2023:16:17:22.276374
44.2242453,-76.4971907,102.634,0.014,05:16:2023:16:17:23.279880
44.2242449,-76.4971904,102.711,0.014,05:16:2023:16:17:24.281279
44.2242448,-76.4971901,102.791,0.032,05:16:2023:16:17:25.281420
44.2242447,-76.4971896,102.818,0.017,05:16:2023:16:17:26.278842
44.2242448,-76.4971894,102.868,0.037,05:16:2023:16:17:27.280069
44.2242444,-76.4971894,103.042,0.014,05:16:2023:16:17:28.279949
44.2242435,-76.4971891,103.283,0.014,05:16:2023:16:17:29.280859
44.2242428,-76.4971888,103.496,0.028,05:16:2023:16:17:30.280971
44.2242422,-76.4971879,103.57,0.024,05:16:2023:16:17:31.276258
44.2242415,-76.4971874,103.699,0.005,05:16:2023:16:17:32.276978
44.2242411,-76.4971871,103.886,0.026,05:16:2023:16:17:33.278177
44.2242406,-76.4971871,103.999,0.027,05:16:2023:16:17:34.275669
44.22424,-76.4971872,104.163,0.013,05:16:2023:16:17:35.277039
44.2242394,-76.4971873,104.309,0.024,05:16:2023:16:17:36.280415
44.2242389,-76.4971875,104.399,0.021,05:16:2023:16:17:37.278925
44.2242382,-76.4971876,104.535,0.005,05:16:2023:16:17:38.278224
44.2242375,-76.4971875,104.677,0.009,05:16:2023:16:17:39.278304
44.224237,-76.4971874,104.688,0.028,05:16:2023:16:17:40.273065
44.2242358,-76.4971866,104.881,0.034,05:16:2023:16:17:41.277387
44.2242346,-76.4971859,105.027,0.012,05:16:2023:16:17:42.280173
44.2242338,-76.4971858,105.189,0.078,05:16:2023:16:17:43.277864
44.2242333,-76.4971862,105.33,0.029,05:16:2023:16:17:44.276388
44.2242329,-76.4971861,105.456,0.045,05:16:2023:16:17:45.276108
44.2242325,-76.4971856,105.405,0.03,05:16:2023:16:17:46.276364
44.2242316,-76.497185,105.468,0.057,05:16:2023:16:17:47.276313
44.2242308,-76.4971848,105.653,0.005,05:16:2023:16:17:48.277333
44.2242305,-76.4971847,105.685,0.02,05:16:2023:16:17:49.274009
44.2242298,-76.4971846,105.915,0.019,05:16:2023:16:17:50.277318
44.2242295,-76.4971841,105.944,0.042,05:16:2023:16:17:51.279298
44.2242287,-76.4971835,106.089,0.029,05:16:2023:16:17:52.278162
44.2242283,-76.4971833,106.109,0.019,05:16:2023:16:17:53.280053
44.2242276,-76.4971829,106.157,0.036,05:16:2023:16:17:54.283296
44.2242272,-76.4971832,106.255,0.016,05:16:2023:16:17:55.280564
44.2242264,-76.497183,106.471,0.021,05:16:2023:16:17:56.280624
44.2242271,-76.4971838,106.424,0.026,05:16:2023:16:17:57.282379
44.2242272,-76.4971849,106.497,0.011,05:16:2023:16:17:58.278817
44.2242273,-76.4971862,106.529,0.033,05:16:2023:16:17:59.280875
44.2242281,-76.4971879,106.489,0.058,05:16:2023:16:18:00.284628
44.2242284,-76.4971889,106.482,0.078,05:16:2023:16:18:01.282949
44.224228,-76.4971891,106.537,0.014,05:16:2023:16:18:02.280049
44.2242271,-76.4971887,106.632,0.048,05:16:2023:16:18:03.284136
44.2242264,-76.4971887,106.757,0.073,05:16:2023:16:18:04.280533
44.2242261,-76.4971889,106.767,0.005,05:16:2023:16:18:05.278216
44.2242266,-76.4971899,106.719,0.051,05:16:2023:16:18:06.281711
44.2242258,-76.4971907,106.847,0.003,05:16:2023:16:18:07.276036
44.2242251,-76.4971917,106.921,0.017,05:16:2023:16:18:08.280423
44.224224,-76.4971927,107.208,0.034,05:16:2023:16:18:09.279142
44.2242236,-76.4971937,107.407,0.01,05:16:2023:16:18:10.281533
44.2242225,-76.4971942,107.652,0.065,05:16:2023:16:18:11.282539
44.2242223,-76.4971957,107.808,0.012,05:16:2023:16:18:12.280432
44.2242215,-76.4971967,108.072,0.041,05:16:2023:16:18:13.279570
44.2242214,-76.497198,108.155,0.009,05:16:2023:16:18:14.280692
44.2242214,-76.4971995,108.205,0.011,05:16:2023:16:18:15.284510
44.224222,-76.4972012,108.19,0.025,05:16:2023:16:18:16.279194
44.2242232,-76.497203,108.049,0.016,05:16:2023:16:18:17.282337
44.224224,-76.4972045,107.996,0.015,05:16:2023:16:18:18.282367
44.2242244,-76.4972058,108.104,0.007,05:16:2023:16:18:19.281290
44.2242257,-76.4972075,108.0,0.023,05:16:2023:16:18:20.282430
44.2242269,-76.4972089,107.983,0.01,05:16:2023:16:18:21.285419
44.224228,-76.4972101,107.893,0.015,05:16:2023:16:18:22.284920
44.2242294,-76.4972114,107.906,0.011,05:16:2023:16:18:23.281245
44.2242311,-76.4972126,107.773,0.013,05:16:2023:16:18:24.284013
44.2242321,-76.4972132,107.794,0.03,05:16:2023:16:18:25.275341
44.2242327,-76.497214,107.816,0.009,05:16:2023:16:18:26.277122
44.2242339,-76.4972149,107.861,0.041,05:16:2023:16:18:27.281120
44.2242351,-76.497216,107.868,0.019,05:16:2023:16:18:28.279634
44.2242371,-76.497218,107.751,0.015,05:16:2023:16:18:29.280829
44.2242388,-76.4972197,107.572,0.04,05:16:2023:16:18:30.283392
44.2242407,-76.4972213,107.391,0.007,05:16:2023:16:18:31.280021
44.2242426,-76.4972232,107.247,0.023,05:16:2023:16:18:32.280305
44.2242446,-76.4972252,107.124,0.041,05:16:2023:16:18:33.282058
44.2242465,-76.4972278,107.044,0.005,05:16:2023:16:18:34.274228
44.2242468,-76.4972286,107.246,0.024,05:16:2023:16:18:35.277869
44.2242483,-76.4972315,107.239,0.037,05:16:2023:16:18:36.279923
44.2242497,-76.4972341,107.267,0.002,05:16:2023:16:18:37.278900
44.2242509,-76.4972366,107.234,0.025,05:16:2023:16:18:38.279174
44.2242521,-76.497239,107.286,0.04,05:16:2023:16:18:39.279612
44.2242535,-76.4972417,107.226,0.076,05:16:2023:16:18:40.278049
44.2242549,-76.4972442,107.228,0.034,05:16:2023:16:18:41.277983
44.2242562,-76.4972465,107.194,0.054,05:16:2023:16:18:42.277614
44.2242569,-76.4972481,107.197,0.03,05:16:2023:16:18:43.275278
44.2242582,-76.4972504,107.166,0.02,05:16:2023:16:18:44.277374
44.2242594,-76.4972527,107.157,0.012,05:16:2023:16:18:45.277499
44.224261,-76.4972553,107.058,0.032,05:16:2023:16:18:46.275935
44.2242617,-76.4972573,107.149,0.012,05:16:2023:16:18:47.274936
44.2242622,-76.4972583,107.186,0.02,05:16:2023:16:18:48.276466
44.2242634,-76.4972594,107.086,0.05,05:16:2023:16:18:49.278002
44.224265,-76.4972628,107.118,0.077,05:16:2023:16:18:50.279056
44.2242659,-76.4972638,107.136,0.014,05:16:2023:16:18:51.278642
44.2242665,-76.4972644,107.133,0.029,05:16:2023:16:18:52.271972
44.2242676,-76.4972659,107.109,0.062,05:16:2023:16:18:53.277122
44.2242659,-76.4972636,107.603,0.033,05:16:2023:16:18:54.280528
44.2242645,-76.4972613,107.944,0.021,05:16:2023:16:18:55.278052
44.2242632,-76.4972593,108.363,0.015,05:16:2023:16:18:56.276550
44.2242621,-76.4972577,108.657,0.001,05:16:2023:16:18:57.277878
44.2242611,-76.4972566,108.986,0.007,05:16:2023:16:18:58.277428
44.2242608,-76.4972571,109.211,0.023,05:16:2023:16:18:59.276818
44.224261,-76.497259,109.386,0.013,05:16:2023:16:19:00.278996
44.2242627,-76.4972611,109.264,0.025,05:16:2023:16:19:01.275993
44.2242642,-76.4972631,109.202,0.041,05:16:2023:16:19:02.278148
44.2242656,-76.4972657,109.185,0.061,05:16:2023:16:19:03.281832
44.2242664,-76.4972675,109.207,0.012,05:16:2023:16:19:04.279747
44.2242688,-76.4972699,108.77,0.009,05:16:2023:16:19:05.277098
44.2242719,-76.4972737,108.343,0.102,05:16:2023:16:19:06.277850
44.2242748,-76.4972764,107.977,0.06,05:16:2023:16:19:07.276557
44.2242773,-76.4972789,107.619,0.103,05:16:2023:16:19:08.275029
44.2242798,-76.4972815,107.279,0.057,05:16:2023:16:19:09.277524
44.2242823,-76.4972843,106.928,0.05,05:16:2023:16:19:10.272828
44.2242833,-76.4972867,106.838,0.06,05:16:2023:16:19:11.277123
44.224284,-76.4972885,106.826,0.035,05:16:2023:16:19:12.276749
44.2242853,-76.4972905,106.65,0.054,05:16:2023:16:19:13.276166
44.2242868,-76.4972924,106.421,0.046,05:16:2023:16:19:14.275438
44.2242873,-76.4972938,106.364,0.047,05:16:2023:16:19:15.278265
44.2242875,-76.4972953,106.314,0.04,05:16:2023:16:19:16.274262
44.2242879,-76.4972969,106.306,0.023,05:16:2023:16:19:17.279065
44.2242884,-76.4972985,106.221,0.03,05:16:2023:16:19:18.279120
44.224289,-76.4973001,106.173,0.04,05:16:2023:16:19:19.275447
44.2242899,-76.4973009,106.005,0.037,05:16:2023:16:19:20.278115
44.2242902,-76.4973019,106.028,0.012,05:16:2023:16:19:21.278655
44.2242904,-76.4973021,105.877,0.016,05:16:2023:16:19:22.276869
44.2242901,-76.4973025,105.888,0.015,05:16:2023:16:19:23.277752
44.2242904,-76.497303,105.765,0.068,05:16:2023:16:19:24.277994
44.2242911,-76.4973043,105.677,0.033,05:16:2023:16:19:25.277109
44.2242916,-76.4973051,105.504,0.026,05:16:2023:16:19:26.278858
44.2242926,-76.4973064,105.215,0.029,05:16:2023:16:19:27.282167
44.2242933,-76.4973071,105.028,0.041,05:16:2023:16:19:28.276711
44.2242944,-76.4973092,104.958,0.138,05:16:2023:16:19:29.279123
44.2242945,-76.4973104,104.958,0.054,05:16:2023:16:19:30.280259
44.2242949,-76.4973117,104.853,0.009,05:16:2023:16:19:31.281964
44.2242953,-76.4973124,104.659,0.021,05:16:2023:16:19:32.280238
44.2242958,-76.4973134,104.564,0.01,05:16:2023:16:19:33.281829
44.2242965,-76.4973155,104.556,0.015,05:16:2023:16:19:34.281582
44.2242991,-76.4973187,104.086,0.106,05:16:2023:16:19:35.280926
44.2243008,-76.4973211,103.899,0.065,05:16:2023:16:19:36.280103
44.2243028,-76.4973238,103.639,0.058,05:16:2023:16:19:37.274665
44.2243047,-76.4973264,103.368,0.03,05:16:2023:16:19:38.276108
44.2243062,-76.4973282,103.152,0.035,05:16:2023:16:19:39.279135
44.2243072,-76.4973294,102.993,0.031,05:16:2023:16:19:40.280886
44.2243089,-76.4973318,102.716,0.008,05:16:2023:16:19:41.281234
44.2243106,-76.4973338,102.404,0.017,05:16:2023:16:19:42.281685
44.2243123,-76.4973358,102.096,0.041,05:16:2023:16:19:43.280679
44.224314,-76.4973379,101.833,0.03,05:16:2023:16:19:44.277984
44.224316,-76.4973403,101.484,0.022,05:16:2023:16:19:45.280101
44.2243169,-76.4973418,101.362,0.04,05:16:2023:16:19:46.274623
44.2243174,-76.4973427,101.294,0.007,05:16:2023:16:19:47.279885
44.2243182,-76.4973438,101.102,0.029,05:16:2023:16:19:48.280210
44.2243186,-76.4973441,100.97,0.016,05:16:2023:16:19:49.279601
44.2243191,-76.4973447,100.856,0.016,05:16:2023:16:19:50.278864
44.2243197,-76.4973456,100.732,0.032,05:16:2023:16:19:51.281101
44.2243197,-76.4973452,100.687,0.027,05:16:2023:16:19:52.280037
44.22432,-76.4973448,100.619,0.031,05:16:2023:16:19:53.279041
44.2243194,-76.4973437,100.707,0.004,05:16:2023:16:19:54.279968
44.2243197,-76.4973442,100.687,0.033,05:16:2023:16:19:55.274391
44.2243208,-76.4973455,100.522,0.043,05:16:2023:16:19:56.278634
44.2243217,-76.4973465,100.385,0.016,05:16:2023:16:19:57.278675
44.2243224,-76.497347,100.225,0.02,05:16:2023:16:19:58.275981
44.224323,-76.4973475,100.113,0.012,05:16:2023:16:19:59.276042
44.2243222,-76.4973456,100.229,0.029,05:16:2023:16:20:00.277875
44.2243211,-76.4973432,100.367,0.009,05:16:2023:16:20:01.277001
44.2243199,-76.4973404,100.474,0.008,05:16:2023:16:20:02.277798
44.2243186,-76.4973376,100.588,0.015,05:16:2023:16:20:03.278262
44.2243175,-76.4973352,100.759,0.019,05:16:2023:16:20:04.274003
44.2243161,-76.4973324,100.936,0.03,05:16:2023:16:20:05.278137
44.2243148,-76.4973296,101.047,0.021,05:16:2023:16:20:06.279281
44.2243142,-76.497327,101.009,0.035,05:16:2023:16:20:07.278298
44.2243135,-76.4973245,101.036,0.012,05:16:2023:16:20:08.279056
44.2243128,-76.497322,101.05,0.027,05:16:2023:16:20:09.277823
44.2243115,-76.4973183,101.094,0.004,05:16:2023:16:20:10.276732
44.22431,-76.4973142,101.083,0.025,05:16:2023:16:20:11.276355
44.2243089,-76.497311,101.112,0.013,05:16:2023:16:20:12.276913
44.2243083,-76.4973079,100.998,0.014,05:16:2023:16:20:13.274755
44.2243071,-76.4973044,100.99,0.011,05:16:2023:16:20:14.279544
44.224306,-76.497301,100.94,0.005,05:16:2023:16:20:15.280118
44.2243051,-76.4972976,100.779,0.01,05:16:2023:16:20:16.279579
44.2243044,-76.4972943,100.636,0.012,05:16:2023:16:20:17.278795
44.2243038,-76.4972912,100.5,0.021,05:16:2023:16:20:18.280316
44.2243022,-76.4972862,100.428,0.026,05:16:2023:16:20:19.278387
44.2242994,-76.4972798,100.568,0.008,05:16:2023:16:20:20.278850
44.2242963,-76.4972729,100.692,0.013,05:16:2023:16:20:21.279313
44.2242936,-76.4972664,100.763,0.031,05:16:2023:16:20:22.274779
44.2242913,-76.4972611,100.818,0.023,05:16:2023:16:20:23.280128
44.2242905,-76.4972581,100.714,0.023,05:16:2023:16:20:24.280336
44.2242894,-76.4972547,100.642,0.004,05:16:2023:16:20:25.279064
44.2242893,-76.4972529,100.536,0.009,05:16:2023:16:20:26.279194
44.2242894,-76.4972511,100.377,0.039,05:16:2023:16:20:27.277410
44.2242898,-76.49725,100.246,0.016,05:16:2023:16:20:28.274257
44.2242901,-76.4972487,100.118,0.01,05:16:2023:16:20:29.276747
44.2242903,-76.4972473,99.943,0.015,05:16:2023:16:20:30.276842
44.2242904,-76.4972464,99.92,0.009,05:16:2023:16:20:31.275723
44.2242906,-76.4972454,99.813,0.023,05:16:2023:16:20:32.279709
44.2242908,-76.4972445,99.782,0.004,05:16:2023:16:20:33.281036
44.224291,-76.4972437,99.736,0.023,05:16:2023:16:20:34.279646
44.2242912,-76.4972425,99.695,0.024,05:16:2023:16:20:35.278831
44.2242914,-76.4972416,99.656,0.022,05:16:2023:16:20:36.279100
44.2242917,-76.4972409,99.613,0.012,05:16:2023:16:20:37.279238
44.2242918,-76.4972399,99.603,0.026,05:16:2023:16:20:38.280107
44.2242921,-76.4972391,99.546,0.015,05:16:2023:16:20:39.281076
44.2242924,-76.4972387,99.581,0.05,05:16:2023:16:20:40.276040
44.2242925,-76.4972377,99.517,0.024,05:16:2023:16:20:41.279120
44.2242928,-76.4972368,99.391,0.015,05:16:2023:16:20:42.280565
44.2242919,-76.4972345,99.377,0.034,05:16:2023:16:20:43.279718
44.224291,-76.497232,99.377,0.03,05:16:2023:16:20:44.278280
44.2242914,-76.4972317,99.302,0.006,05:16:2023:16:20:45.278568
44.224291,-76.4972306,99.332,0.011,05:16:2023:16:20:46.277110
44.2242911,-76.4972297,99.213,0.024,05:16:2023:16:20:47.277024
44.2242909,-76.4972291,99.355,0.041,05:16:2023:16:20:48.275192
44.2242911,-76.4972287,99.358,0.031,05:16:2023:16:20:49.271405
44.2242918,-76.4972283,99.213,0.021,05:16:2023:16:20:50.276143
44.2242919,-76.497228,99.294,0.005,05:16:2023:16:20:51.277268
44.2242921,-76.4972271,99.13,0.008,05:16:2023:16:20:52.276494
44.2242926,-76.4972264,98.933,0.027,05:16:2023:16:20:53.276871
44.2242929,-76.4972255,98.772,0.015,05:16:2023:16:20:54.279650
44.2242932,-76.4972245,98.723,0.025,05:16:2023:16:20:55.279382
44.2242936,-76.4972236,98.656,0.02,05:16:2023:16:20:56.278857
44.2242938,-76.4972225,98.564,0.018,05:16:2023:16:20:57.281295
44.2242941,-76.4972219,98.523,0.025,05:16:2023:16:20:58.273784
44.2242944,-76.4972214,98.426,0.023,05:16:2023:16:20:59.274925
44.2242949,-76.4972215,98.413,0.068,05:16:2023:16:21:00.275588
44.2242957,-76.4972225,98.332,0.062,05:16:2023:16:21:01.275594
44.2242965,-76.4972234,98.302,0.051,05:16:2023:16:21:02.277157
44.2242963,-76.4972224,98.366,0.011,05:16:2023:16:21:03.278276
44.2242964,-76.4972217,98.367,0.017,05:16:2023:16:21:04.278480
44.2242961,-76.4972206,98.417,0.024,05:16:2023:16:21:05.278725
44.2242959,-76.4972198,98.442,0.01,05:16:2023:16:21:06.281305
44.2242958,-76.497219,98.474,0.008,05:16:2023:16:21:07.274503
44.2242953,-76.4972178,98.655,0.012,05:16:2023:16:21:08.275964
44.2242945,-76.4972163,98.747,0.011,05:16:2023:16:21:09.277724
44.2242938,-76.497214,98.613,0.016,05:16:2023:16:21:10.279939
44.2242931,-76.4972122,98.609,0.013,05:16:2023:16:21:11.277845
44.2242926,-76.4972107,98.698,0.026,05:16:2023:16:21:12.277910
44.2242921,-76.4972092,98.648,0.006,05:16:2023:16:21:13.276289
44.2242914,-76.4972072,98.622,0.014,05:16:2023:16:21:14.274968
44.2242909,-76.4972053,98.498,0.037,05:16:2023:16:21:15.277674
44.2242903,-76.4972033,98.424,0.052,05:16:2023:16:21:16.272012
44.2242897,-76.4972015,98.315,0.048,05:16:2023:16:21:17.276566
44.2242892,-76.4971999,98.152,0.037,05:16:2023:16:21:18.277315
44.2242884,-76.4971986,98.162,0.017,05:16:2023:16:21:19.276936
44.2242878,-76.4971973,98.11,0.033,05:16:2023:16:21:20.276792
44.2242871,-76.4971963,98.185,0.027,05:16:2023:16:21:21.277904
44.2242862,-76.4971948,98.156,0.032,05:16:2023:16:21:22.275764
44.2242857,-76.4971939,98.153,0.024,05:16:2023:16:21:23.276686
44.2242853,-76.4971931,98.122,0.032,05:16:2023:16:21:24.277635
44.2242849,-76.4971926,98.307,0.031,05:16:2023:16:21:25.272067
44.2242841,-76.497192,98.533,0.028,05:16:2023:16:21:26.275126
44.2242837,-76.497192,98.756,0.014,05:16:2023:16:21:27.278278
44.2242835,-76.4971917,98.826,0.017,05:16:2023:16:21:28.279661
44.2242833,-76.4971913,98.927,0.022,05:16:2023:16:21:29.278143
44.2242836,-76.4971916,98.898,0.025,05:16:2023:16:21:30.278515
44.2242836,-76.4971916,98.968,0.023,05:16:2023:16:21:31.275827
44.2242835,-76.4971914,99.043,0.007,05:16:2023:16:21:32.274981
44.2242834,-76.4971915,99.101,0.015,05:16:2023:16:21:33.276076
44.2242832,-76.4971914,99.115,0.041,05:16:2023:16:21:34.273514
44.224283,-76.4971913,99.159,0.014,05:16:2023:16:21:35.279174
44.2242829,-76.4971906,99.143,0.007,05:16:2023:16:21:36.278732
44.2242831,-76.4971905,99.138,0.018,05:16:2023:16:21:37.278720
44.2242832,-76.4971901,99.077,0.027,05:16:2023:16:21:38.276917
44.2242832,-76.4971899,99.061,0.031,05:16:2023:16:21:39.278875
44.2242831,-76.4971895,99.042,0.011,05:16:2023:16:21:40.276410
44.224283,-76.4971887,98.984,0.013,05:16:2023:16:21:41.276723
44.2242832,-76.4971889,98.921,0.005,05:16:2023:16:21:42.278929
44.224283,-76.4971878,98.679,0.022,05:16:2023:16:21:43.276565
44.224283,-76.4971873,98.515,0.022,05:16:2023:16:21:44.279660
44.224283,-76.4971869,98.324,0.022,05:16:2023:16:21:45.278435
44.2242828,-76.497186,98.183,0.03,05:16:2023:16:21:46.275050
44.2242817,-76.4971843,98.216,0.015,05:16:2023:16:21:47.276012
44.2242806,-76.4971826,98.252,0.002,05:16:2023:16:21:48.279208
44.22428,-76.4971816,98.268,0.018,05:16:2023:16:21:49.278866
44.2242791,-76.4971803,98.343,0.008,05:16:2023:16:21:50.280680
44.2242782,-76.4971793,98.334,0.011,05:16:2023:16:21:51.282147
44.2242775,-76.497179,98.436,0.021,05:16:2023:16:21:52.272784
44.224277,-76.497179,98.585,0.017,05:16:2023:16:21:53.276831
44.2242763,-76.4971787,98.655,0.003,05:16:2023:16:21:54.277103
44.2242759,-76.4971785,98.693,0.012,05:16:2023:16:21:55.276146
44.2242755,-76.4971782,98.718,0.012,05:16:2023:16:21:56.274885
44.224275,-76.4971785,98.915,0.012,05:16:2023:16:21:57.278785
44.224275,-76.4971787,98.874,0.007,05:16:2023:16:21:58.276375
44.2242748,-76.4971788,98.863,0.005,05:16:2023:16:21:59.276284
44.2242743,-76.4971789,99.017,0.023,05:16:2023:16:22:00.276964
44.2242737,-76.4971787,99.205,0.027,05:16:2023:16:22:01.270596
44.2242733,-76.497179,99.387,0.001,05:16:2023:16:22:02.274958
44.2242734,-76.4971799,99.488,0.021,05:16:2023:16:22:03.275412
44.2242731,-76.4971804,99.646,0.008,05:16:2023:16:22:04.274736
44.224273,-76.4971807,99.682,0.007,05:16:2023:16:22:05.274332
44.224273,-76.4971814,99.835,0.009,05:16:2023:16:22:06.274830
44.2242732,-76.497182,99.85,0.01,05:16:2023:16:22:07.275101
44.2242733,-76.4971823,99.825,0.008,05:16:2023:16:22:08.274293
44.2242732,-76.4971823,99.785,0.03,05:16:2023:16:22:09.275088
44.2242737,-76.497183,99.677,0.021,05:16:2023:16:22:10.271443
44.2242743,-76.4971842,99.662,0.015,05:16:2023:16:22:11.275890
44.2242748,-76.4971853,99.595,0.033,05:16:2023:16:22:12.276241
44.2242757,-76.4971866,99.49,0.034,05:16:2023:16:22:13.276312
44.224276,-76.4971874,99.463,0.044,05:16:2023:16:22:14.275144
44.2242763,-76.4971881,99.47,0.05,05:16:2023:16:22:15.277077
44.2242767,-76.4971894,99.413,0.036,05:16:2023:16:22:16.277978
44.2242764,-76.4971897,99.533,0.021,05:16:2023:16:22:17.277813
44.2242774,-76.4971914,99.472,0.023,05:16:2023:16:22:18.279188
44.2242777,-76.4971925,99.431,0.018,05:16:2023:16:22:19.273579
44.2242778,-76.4971932,99.369,0.008,05:16:2023:16:22:20.275341
44.2242787,-76.4971949,99.214,0.095,05:16:2023:16:22:21.277808
44.2242791,-76.4971961,99.156,0.05,05:16:2023:16:22:22.277343
44.224279,-76.497197,99.283,0.006,05:16:2023:16:22:23.275411
44.2242792,-76.4971981,99.28,0.034,05:16:2023:16:22:24.278408
44.2242798,-76.4971999,99.366,0.076,05:16:2023:16:22:25.277962
44.2242797,-76.4972008,99.478,0.028,05:16:2023:16:22:26.277014
44.2242812,-76.4972035,99.215,0.054,05:16:2023:16:22:27.276751
44.2242822,-76.4972057,98.995,0.034,05:16:2023:16:22:28.271907
44.2242833,-76.4972077,98.712,0.015,05:16:2023:16:22:29.272421
44.2242842,-76.4972098,98.576,0.017,05:16:2023:16:22:30.275326
44.2242852,-76.4972122,98.49,0.06,05:16:2023:16:22:31.275799
44.2242862,-76.4972144,98.318,0.035,05:16:2023:16:22:32.276302
44.2242875,-76.4972167,98.029,0.044,05:16:2023:16:22:33.277120
44.2242887,-76.4972187,97.699,0.051,05:16:2023:16:22:34.276189
44.2242897,-76.4972214,97.821,0.045,05:16:2023:16:22:35.274896
44.2242914,-76.4972246,97.67,0.096,05:16:2023:16:22:36.280978
44.2242922,-76.4972268,97.795,0.028,05:16:2023:16:22:37.273995
44.2242933,-76.4972285,97.526,0.017,05:16:2023:16:22:38.276153
44.2242946,-76.4972306,97.164,0.017,05:16:2023:16:22:39.279202
44.2242958,-76.4972324,96.794,0.028,05:16:2023:16:22:40.278113
44.2242975,-76.4972352,96.384,0.015,05:16:2023:16:22:41.277685
44.2242987,-76.4972372,95.972,0.043,05:16:2023:16:22:42.278925
44.2242993,-76.4972388,95.787,0.028,05:16:2023:16:22:43.277623
44.2243001,-76.4972406,95.46,0.019,05:16:2023:16:22:44.276515
44.2243009,-76.4972422,95.044,0.022,05:16:2023:16:22:45.278931
44.2243018,-76.4972431,94.564,0.021,05:16:2023:16:22:46.274309
44.2243026,-76.4972442,94.085,0.024,05:16:2023:16:22:47.278296
44.2243032,-76.4972452,93.569,0.028,05:16:2023:16:22:48.278453
44.224304,-76.4972464,93.155,0.028,05:16:2023:16:22:49.278722
44.2243048,-76.4972475,92.771,0.02,05:16:2023:16:22:50.276113
44.2243054,-76.4972483,92.378,0.008,05:16:2023:16:22:51.277128
44.2243067,-76.4972502,92.0,0.03,05:16:2023:16:22:52.276018
44.224307,-76.4972504,91.59,0.038,05:16:2023:16:22:53.276276
44.2243079,-76.4972507,91.002,0.049,05:16:2023:16:22:54.276009
44.2243082,-76.4972504,90.577,0.006,05:16:2023:16:22:55.275237
44.2243097,-76.4972519,90.104,0.013,05:16:2023:16:22:56.278123
44.2243106,-76.4972528,89.765,0.022,05:16:2023:16:22:57.279208
44.2243119,-76.4972541,89.355,0.034,05:16:2023:16:22:58.276345
44.224313,-76.4972553,89.008,0.02,05:16:2023:16:22:59.274526
44.2243141,-76.4972564,88.645,0.005,05:16:2023:16:23:00.274772
44.2243151,-76.4972574,88.375,0.018,05:16:2023:16:23:01.274450
44.224316,-76.4972582,88.103,0.041,05:16:2023:16:23:02.273030
44.2243174,-76.4972598,87.77,0.068,05:16:2023:16:23:03.277723
44.2243186,-76.4972614,87.423,0.067,05:16:2023:16:23:04.272783
44.2243198,-76.4972631,87.105,0.041,05:16:2023:16:23:05.278988
44.224321,-76.4972645,86.741,0.018,05:16:2023:16:23:06.278943
44.2243221,-76.497266,86.486,0.051,05:16:2023:16:23:07.277151
44.2243232,-76.4972674,86.183,0.031,05:16:2023:16:23:08.276897
44.2243237,-76.4972682,85.956,0.055,05:16:2023:16:23:09.278102
44.2243246,-76.4972694,85.652,0.04,05:16:2023:16:23:10.276968
44.224326,-76.4972711,85.31,0.031,05:16:2023:16:23:11.276277
44.2243275,-76.4972729,84.935,0.019,05:16:2023:16:23:12.278370
44.2243292,-76.4972747,84.487,0.049,05:16:2023:16:23:13.274044
44.2243306,-76.497276,84.04,0.01,05:16:2023:16:23:14.275129
44.224332,-76.497278,83.65,0.004,05:16:2023:16:23:15.277452
44.2243339,-76.4972803,83.213,0.021,05:16:2023:16:23:16.274594
44.2243356,-76.4972822,82.747,0.015,05:16:2023:16:23:17.273388
44.2243363,-76.4972829,82.379,0.021,05:16:2023:16:23:18.276413
44.2243373,-76.4972842,81.971,0.047,05:16:2023:16:23:19.276591
44.2243385,-76.4972855,81.566,0.068,05:16:2023:16:23:20.275437
44.2243402,-76.4972874,81.135,0.06,05:16:2023:16:23:21.277318
44.2243413,-76.4972888,80.773,0.01,05:16:2023:16:23:22.270783
44.2243433,-76.4972907,80.308,0.061,05:16:2023:16:23:23.275179
44.2243451,-76.4972924,79.817,0.005,05:16:2023:16:23:24.276003
44.2243469,-76.4972941,79.28,0.015,05:16:2023:16:23:25.275349
44.2243486,-76.4972956,78.813,0.045,05:16:2023:16:23:26.272725
44.2243507,-76.4972974,78.266,0.058,05:16:2023:16:23:27.276409
44.2243526,-76.4972987,77.766,0.02,05:16:2023:16:23:28.275996
44.2243554,-76.4973009,77.135,0.097,05:16:2023:16:23:29.274173
44.224358,-76.4973027,76.571,0.07,05:16:2023:16:23:30.276303
44.2243607,-76.4973049,75.983,0.054,05:16:2023:16:23:31.270847
44.2243624,-76.4973059,75.529,0.049,05:16:2023:16:23:32.272968
44.2243641,-76.4973072,75.134,0.04,05:16:2023:16:23:33.275219
44.2243649,-76.4973074,74.919,0.035,05:16:2023:16:23:34.274195
44.224366,-76.4973077,74.55,0.016,05:16:2023:16:23:35.273311
44.2243668,-76.4973078,74.345,0.018,05:16:2023:16:23:36.275603
44.2243675,-76.4973077,74.097,0.011,05:16:2023:16:23:37.275515
44.2243683,-76.4973079,73.795,0.022,05:16:2023:16:23:38.273506
44.2243694,-76.4973087,73.477,0.028,05:16:2023:16:23:39.277899
44.2243704,-76.4973094,73.202,0.024,05:16:2023:16:23:40.272207
44.2243718,-76.4973102,72.821,0.007,05:16:2023:16:23:41.275791
44.2243715,-76.4973088,72.641,0.032,05:16:2023:16:23:42.277814
44.2243702,-76.4973061,72.644,0.016,05:16:2023:16:23:43.276123
44.2243683,-76.4973027,72.79,0.029,05:16:2023:16:23:44.276447
44.2243653,-76.4972972,73.005,0.035,05:16:2023:16:23:45.279257
44.2243621,-76.4972918,73.214,0.029,05:16:2023:16:23:46.275839
44.2243585,-76.4972865,73.471,0.016,05:16:2023:16:23:47.276046
44.2243549,-76.4972808,73.757,0.024,05:16:2023:16:23:48.278044
44.2243521,-76.4972764,73.967,0.013,05:16:2023:16:23:49.273307
44.224349,-76.497272,74.204,0.023,05:16:2023:16:23:50.276600
44.2243464,-76.4972683,74.459,0.006,05:16:2023:16:23:51.279435
44.2243437,-76.4972642,74.742,0.011,05:16:2023:16:23:52.278437
44.224341,-76.4972599,74.92,0.021,05:16:2023:16:23:53.278215
44.2243386,-76.4972559,75.098,0.013,05:16:2023:16:23:54.278333
44.2243364,-76.4972521,75.302,0.018,05:16:2023:16:23:55.278693
44.2243339,-76.4972483,75.461,0.011,05:16:2023:16:23:56.276515
44.2243355,-76.4972498,75.246,0.018,05:16:2023:16:23:57.278361
44.2243368,-76.4972509,74.997,0.01,05:16:2023:16:23:58.273075
44.224338,-76.4972518,74.635,0.03,05:16:2023:16:23:59.277347
44.2243393,-76.4972538,74.438,0.018,05:16:2023:16:24:00.278345
44.2243403,-76.4972549,74.212,0.02,05:16:2023:16:24:01.279490
44.2243412,-76.4972559,73.906,0.069,05:16:2023:16:24:02.278534
44.2243424,-76.4972583,73.846,0.015,05:16:2023:16:24:03.282166
44.2243432,-76.4972604,73.913,0.002,05:16:2023:16:24:04.279048
44.2243442,-76.4972628,73.945,0.019,05:16:2023:16:24:05.277152
44.2243453,-76.4972654,73.921,0.005,05:16:2023:16:24:06.277790
44.224346,-76.4972673,73.874,0.02,05:16:2023:16:24:07.272364
44.2243466,-76.4972689,73.758,0.023,05:16:2023:16:24:08.276113
44.224347,-76.4972702,73.715,0.046,05:16:2023:16:24:09.277324
44.2243476,-76.4972711,73.51,0.015,05:16:2023:16:24:10.278339
44.2243481,-76.4972715,73.288,0.021,05:16:2023:16:24:11.278337
44.224349,-76.4972728,73.055,0.056,05:16:2023:16:24:12.280143
44.2243496,-76.4972739,72.914,0.002,05:16:2023:16:24:13.278586
44.2243503,-76.4972748,72.79,0.044,05:16:2023:16:24:14.277243
44.2243508,-76.4972756,72.588,0.026,05:16:2023:16:24:15.278585
44.2243513,-76.4972764,72.358,0.008,05:16:2023:16:24:16.274508
44.2243518,-76.4972768,72.193,0.022,05:16:2023:16:24:17.275814
44.2243524,-76.4972772,71.924,0.006,05:16:2023:16:24:18.278452
44.2243532,-76.497278,71.708,0.022,05:16:2023:16:24:19.278280
44.2243538,-76.4972788,71.527,0.015,05:16:2023:16:24:20.278026
44.2243546,-76.4972799,71.406,0.008,05:16:2023:16:24:21.275925
44.2243559,-76.4972819,71.396,0.037,05:16:2023:16:24:22.274983
44.2243571,-76.4972837,71.316,0.035,05:16:2023:16:24:23.275075
44.2243587,-76.4972858,71.193,0.017,05:16:2023:16:24:24.276415
44.2243603,-76.4972881,71.047,0.017,05:16:2023:16:24:25.271888
44.2243613,-76.4972897,71.039,0.009,05:16:2023:16:24:26.277065
44.2243626,-76.4972915,70.942,0.018,05:16:2023:16:24:27.277023
44.2243635,-76.4972929,70.923,0.037,05:16:2023:16:24:28.276035
44.2243645,-76.4972946,70.955,0.017,05:16:2023:16:24:29.278126
44.2243658,-76.4972965,70.901,0.026,05:16:2023:16:24:30.278998
44.2243667,-76.497298,70.886,0.009,05:16:2023:16:24:31.278166
44.2243678,-76.4972997,70.79,0.004,05:16:2023:16:24:32.279219
44.224369,-76.4973012,70.634,0.019,05:16:2023:16:24:33.277826
44.2243705,-76.4973031,70.4,0.05,05:16:2023:16:24:34.273040
44.2243717,-76.4973046,70.222,0.006,05:16:2023:16:24:35.278632
44.2243725,-76.4973059,70.128,0.01,05:16:2023:16:24:36.278180
44.2243733,-76.4973071,70.054,0.014,05:16:2023:16:24:37.279191
44.224374,-76.4973081,69.985,0.026,05:16:2023:16:24:38.276209
44.2243748,-76.4973092,69.941,0.016,05:16:2023:16:24:39.279088
44.2243755,-76.4973103,69.951,0.016,05:16:2023:16:24:40.278207
44.2243764,-76.4973112,69.968,0.006,05:16:2023:16:24:41.276369
44.2243773,-76.4973119,69.896,0.014,05:16:2023:16:24:42.277415
44.2243781,-76.4973125,69.913,0.018,05:16:2023:16:24:43.273054
44.2243792,-76.4973133,69.748,0.019,05:16:2023:16:24:44.276937
44.2243792,-76.4973134,69.811,0.011,05:16:2023:16:24:45.277837
44.2243799,-76.4973139,69.77,0.016,05:16:2023:16:24:46.277778
44.2243805,-76.4973142,69.594,0.032,05:16:2023:16:24:47.276268
44.2243812,-76.4973151,69.549,0.037,05:16:2023:16:24:48.276382
44.2243812,-76.4973155,69.617,0.049,05:16:2023:16:24:49.276266
44.2243823,-76.4973166,69.478,0.02,05:16:2023:16:24:50.274321
44.2243835,-76.4973179,69.299,0.013,05:16:2023:16:24:51.274643
44.224384,-76.4973184,69.266,0.036,05:16:2023:16:24:52.271167
44.224385,-76.4973194,69.131,0.002,05:16:2023:16:24:53.274371
44.2243862,-76.4973209,68.986,0.049,05:16:2023:16:24:54.274251
44.2243874,-76.4973223,68.798,0.026,05:16:2023:16:24:55.274709
44.2243876,-76.4973227,68.723,0.017,05:16:2023:16:24:56.276122
44.224388,-76.4973229,68.608,0.017,05:16:2023:16:24:57.277102
44.2243886,-76.4973233,68.516,0.017,05:16:2023:16:24:58.274592
44.2243885,-76.4973231,68.459,0.026,05:16:2023:16:24:59.274162
44.2243884,-76.4973226,68.298,0.008,05:16:2023:16:25:00.274383
44.2243874,-76.4973207,68.375,0.024,05:16:2023:16:25:01.270947
44.2243871,-76.4973197,68.239,0.037,05:16:2023:16:25:02.274813
44.2243867,-76.4973196,68.254,0.02,05:16:2023:16:25:03.279042
44.224387,-76.4973202,68.166,0.023,05:16:2023:16:25:04.277320
44.2243872,-76.4973207,68.17,0.049,05:16:2023:16:25:05.277807
44.224386,-76.497319,68.311,0.02,05:16:2023:16:25:06.279037
44.2243841,-76.4973162,68.619,0.026,05:16:2023:16:25:07.277015
44.2243819,-76.4973119,68.758,0.054,05:16:2023:16:25:08.274991
44.2243759,-76.4973031,69.364,0.056,05:16:2023:16:25:09.277903
44.224374,-76.4973009,69.58,0.026,05:16:2023:16:25:10.271858
44.2243703,-76.4972961,69.925,0.058,05:16:2023:16:25:11.275505
44.2243651,-76.4972898,70.507,0.048,05:16:2023:16:25:12.275949
44.2243582,-76.4972811,71.261,0.03,05:16:2023:16:25:13.275518
44.2243516,-76.4972723,72.015,0.016,05:16:2023:16:25:14.274704
44.2243524,-76.4972738,71.985,0.018,05:16:2023:16:25:15.276821
44.2243465,-76.4972659,72.609,0.021,05:16:2023:16:25:16.276810
44.2243413,-76.4972593,73.165,0.026,05:16:2023:16:25:17.276566
44.2243366,-76.4972537,73.729,0.014,05:16:2023:16:25:18.276010
44.2243322,-76.497249,74.343,0.01,05:16:2023:16:25:19.271885
44.2243286,-76.4972467,75.314,0.029,05:16:2023:16:25:20.279466
44.2243279,-76.497249,76.106,0.025,05:16:2023:16:25:21.280982
44.2243268,-76.4972503,76.93,0.032,05:16:2023:16:25:22.279237
44.2243242,-76.4972492,77.756,0.022,05:16:2023:16:25:23.276631
44.2243215,-76.4972481,78.618,0.015,05:16:2023:16:25:24.278141
44.2243185,-76.4972464,79.495,0.018,05:16:2023:16:25:25.277885
44.2243158,-76.4972452,80.384,0.019,05:16:2023:16:25:26.278165
44.2243136,-76.4972445,81.173,0.013,05:16:2023:16:25:27.280567
44.2243136,-76.4972463,81.665,0.068,05:16:2023:16:25:28.274871
44.2243099,-76.4972429,82.581,0.01,05:16:2023:16:25:29.278426
44.2243065,-76.4972401,83.526,0.021,05:16:2023:16:25:30.279900
44.2243034,-76.4972371,84.255,0.017,05:16:2023:16:25:31.278431
44.2243003,-76.4972334,84.894,0.017,05:16:2023:16:25:32.276133
44.224297,-76.4972296,85.414,0.015,05:16:2023:16:25:33.278594
44.2242945,-76.4972271,85.809,0.013,05:16:2023:16:25:34.276459
44.2242924,-76.4972249,86.11,0.019,05:16:2023:16:25:35.276891
44.22429,-76.4972229,86.464,0.027,05:16:2023:16:25:36.277457
44.2242879,-76.4972209,86.832,0.009,05:16:2023:16:25:37.273033
44.2242862,-76.4972189,87.27,0.025,05:16:2023:16:25:38.276748
44.2242852,-76.4972171,87.544,0.018,05:16:2023:16:25:39.279107
44.2242841,-76.4972152,87.805,0.018,05:16:2023:16:25:40.275258
44.224283,-76.4972134,87.974,0.012,05:16:2023:16:25:41.275446
44.2242819,-76.4972117,88.076,0.032,05:16:2023:16:25:42.280445
44.2242815,-76.4972111,88.246,0.024,05:16:2023:16:25:43.280208
44.2242809,-76.4972103,88.383,0.016,05:16:2023:16:25:44.278750
44.22428,-76.4972094,88.638,0.019,05:16:2023:16:25:45.280006
44.2242784,-76.497207,88.85,0.008,05:16:2023:16:25:46.272448
44.2242765,-76.4972042,89.213,0.018,05:16:2023:16:25:47.279026
44.2242738,-76.4972006,89.572,0.035,05:16:2023:16:25:48.282460
44.2242713,-76.4971978,89.947,0.02,05:16:2023:16:25:49.279964
44.2242682,-76.4971938,90.329,0.03,05:16:2023:16:25:50.278234
44.2242671,-76.4971924,90.524,0.032,05:16:2023:16:25:51.280929
44.2242661,-76.4971912,90.68,0.005,05:16:2023:16:25:52.281805
44.2242647,-76.4971895,90.866,0.026,05:16:2023:16:25:53.284550
44.2242631,-76.4971874,91.04,0.015,05:16:2023:16:25:54.283179
44.2242614,-76.4971845,91.15,0.024,05:16:2023:16:25:55.276951
44.2242595,-76.4971814,91.323,0.016,05:16:2023:16:25:56.280282
44.2242575,-76.4971783,91.51,0.005,05:16:2023:16:25:57.280858
44.2242554,-76.4971754,91.707,0.013,05:16:2023:16:25:58.277988
44.2242534,-76.4971725,91.876,0.008,05:16:2023:16:25:59.279173
44.2242517,-76.4971705,92.046,0.022,05:16:2023:16:26:00.278380
44.2242499,-76.4971685,92.245,0.017,05:16:2023:16:26:01.277485
44.2242485,-76.4971667,92.415,0.017,05:16:2023:16:26:02.275135
44.2242471,-76.497165,92.552,0.016,05:16:2023:16:26:03.279184
44.2242458,-76.4971631,92.713,0.007,05:16:2023:16:26:04.274422
44.2242445,-76.4971606,92.522,0.035,05:16:2023:16:26:05.279179
44.2242422,-76.4971572,92.595,0.023,05:16:2023:16:26:06.280168
44.2242399,-76.4971539,92.914,0.025,05:16:2023:16:26:07.278012
44.2242387,-76.4971515,92.871,0.022,05:16:2023:16:26:08.276884
44.2242375,-76.4971498,92.948,0.011,05:16:2023:16:26:09.278465
44.2242366,-76.4971481,92.921,0.017,05:16:2023:16:26:10.276942
44.2242356,-76.4971464,92.871,0.011,05:16:2023:16:26:11.277803
44.2242352,-76.4971452,92.709,0.006,05:16:2023:16:26:12.276310
44.2242347,-76.4971445,92.638,0.004,05:16:2023:16:26:13.274149
44.2242336,-76.4971432,92.716,0.028,05:16:2023:16:26:14.277320
44.2242327,-76.4971421,92.69,0.02,05:16:2023:16:26:15.279039
44.2242317,-76.4971411,92.736,0.033,05:16:2023:16:26:16.279480
44.224231,-76.4971399,92.688,0.015,05:16:2023:16:26:17.279118
44.2242304,-76.4971391,92.701,0.021,05:16:2023:16:26:18.278957
44.22423,-76.4971383,92.616,0.018,05:16:2023:16:26:19.278415
44.2242296,-76.4971379,92.663,0.007,05:16:2023:16:26:20.277075
44.2242289,-76.4971375,92.739,0.019,05:16:2023:16:26:21.275909
44.224228,-76.4971368,92.831,0.033,05:16:2023:16:26:22.270323
44.2242271,-76.4971362,92.898,0.04,05:16:2023:16:26:23.274798
44.2242262,-76.4971358,92.996,0.074,05:16:2023:16:26:24.277079
44.2242254,-76.4971355,93.045,0.032,05:16:2023:16:26:25.276945
44.2242246,-76.4971355,93.191,0.064,05:16:2023:16:26:26.277413
44.2242246,-76.4971365,93.332,0.062,05:16:2023:16:26:27.279064
44.2242248,-76.4971381,93.442,0.067,05:16:2023:16:26:28.276498
