44.2241452,-76.4971992,99.962,0.052,05:17:2023:11:23:29.299421
44.2241456,-76.4971991,99.929,0.051,05:17:2023:11:23:29.838097
44.2241458,-76.4971991,99.931,0.038,05:17:2023:11:23:29.838416
44.224146,-76.497199,99.92,0.02,05:17:2023:11:23:29.839092
44.2241461,-76.497199,99.916,0.007,05:17:2023:11:23:29.839479
44.2241466,-76.4971989,99.901,0.032,05:17:2023:11:23:29.841309
44.2241466,-76.4971989,99.901,0.032,05:17:2023:11:23:29.841613
44.2241467,-76.4971989,99.9,0.019,05:17:2023:11:23:29.841961
44.2241469,-76.4971989,99.891,0.014,05:17:2023:11:23:29.842806
44.2241471,-76.4971989,99.888,0.02,05:17:2023:11:23:29.886486
44.2241473,-76.4971991,99.909,0.038,05:17:2023:11:23:29.943009
44.2241475,-76.4971991,99.899,0.037,05:17:2023:11:23:30.110309
44.224148,-76.4971991,99.878,0.029,05:17:2023:11:23:30.167173
44.2241481,-76.4971991,99.872,0.039,05:17:2023:11:23:30.224367
44.2241484,-76.4971991,99.854,0.046,05:17:2023:11:23:30.281064
44.2241486,-76.4971991,99.847,0.028,05:17:2023:11:23:30.338018
44.2241489,-76.4971991,99.833,0.036,05:17:2023:11:23:30.394995
44.2241494,-76.4971992,99.814,0.032,05:17:2023:11:23:30.572539
44.2241496,-76.4971993,99.817,0.037,05:17:2023:11:23:30.629485
44.2241498,-76.4971994,99.819,0.02,05:17:2023:11:23:30.686246
44.2241499,-76.4971995,99.824,0.019,05:17:2023:11:23:30.743243
44.2241501,-76.4971994,99.816,0.045,05:17:2023:11:23:30.800091
44.2241506,-76.4971996,99.814,0.036,05:17:2023:11:23:30.985895
44.2241506,-76.4971996,99.814,0.036,05:17:2023:11:23:30.993409
44.2241508,-76.4971996,99.799,0.021,05:17:2023:11:23:31.169295
44.2241509,-76.4971997,99.795,0.029,05:17:2023:11:23:31.226247
44.2241512,-76.4971998,99.793,0.038,05:17:2023:11:23:31.283208
44.2241514,-76.4971999,99.793,0.029,05:17:2023:11:23:31.340123
44.2241515,-76.4972002,99.817,0.015,05:17:2023:11:23:31.397106
44.2241517,-76.4972005,99.837,0.017,05:17:2023:11:23:31.437892
44.2241517,-76.4972005,99.837,0.017,05:17:2023:11:23:31.452392
44.2241519,-76.4972008,99.856,0.038,05:17:2023:11:23:31.495766
44.2241523,-76.4972009,99.849,0.065,05:17:2023:11:23:31.551863
44.2241527,-76.4972008,99.823,0.071,05:17:2023:11:23:31.608820
44.224153,-76.4972008,99.801,0.062,05:17:2023:11:23:31.665863
44.2241536,-76.4972008,99.793,0.029,05:17:2023:11:23:31.846902
44.2241536,-76.4972008,99.793,0.029,05:17:2023:11:23:31.854177
44.2241539,-76.4972007,99.771,0.023,05:17:2023:11:23:31.903919
44.2241542,-76.4972007,99.754,0.032,05:17:2023:11:23:31.969353
44.2241546,-76.4972006,99.732,0.021,05:17:2023:11:23:32.026120
44.224155,-76.4972005,99.71,0.049,05:17:2023:11:23:32.083130
44.2241552,-76.4972004,99.686,0.03,05:17:2023:11:23:32.140000
44.2241554,-76.4972004,99.687,0.022,05:17:2023:11:23:32.180876
44.2241554,-76.4972004,99.687,0.022,05:17:2023:11:23:32.195544
44.2241556,-76.4972003,99.67,0.038,05:17:2023:11:23:32.237680
44.2241561,-76.4972003,99.644,0.04,05:17:2023:11:23:32.294591
44.2241566,-76.4972002,99.617,0.05,05:17:2023:11:23:32.320713
44.2241569,-76.4972002,99.604,0.027,05:17:2023:11:23:32.377713
44.2241572,-76.4972002,99.586,0.027,05:17:2023:11:23:32.434678
44.2241575,-76.4972,99.553,0.032,05:17:2023:11:23:32.491561
44.2241578,-76.4971999,99.526,0.012,05:17:2023:11:23:32.658716
44.2241582,-76.4971999,99.504,0.012,05:17:2023:11:23:32.715510
44.2241585,-76.4971998,99.493,0.01,05:17:2023:11:23:32.772906
44.2241588,-76.4971999,99.482,0.024,05:17:2023:11:23:32.798823
44.2241591,-76.4971997,99.465,0.023,05:17:2023:11:23:32.864065
44.2241594,-76.4971995,99.453,0.042,05:17:2023:11:23:32.921166
44.2241597,-76.4971996,99.461,0.047,05:17:2023:11:23:32.977986
44.22416,-76.4971996,99.45,0.035,05:17:2023:11:23:33.035094
44.2241605,-76.4971996,99.438,0.05,05:17:2023:11:23:33.082512
44.2241605,-76.4971996,99.438,0.05,05:17:2023:11:23:33.103932
44.2241609,-76.4971998,99.426,0.092,05:17:2023:11:23:33.139791
44.2241614,-76.4972,99.419,0.127,05:17:2023:11:23:33.196651
44.2241618,-76.4972001,99.418,0.145,05:17:2023:11:23:33.253789
44.2241621,-76.4972002,99.418,0.144,05:17:2023:11:23:33.417555
44.2241624,-76.4972002,99.415,0.111,05:17:2023:11:23:33.474340
44.2241626,-76.4972002,99.405,0.098,05:17:2023:11:23:33.500545
44.2241627,-76.4972003,99.41,0.107,05:17:2023:11:23:33.876155
44.2241629,-76.4972004,99.419,0.09,05:17:2023:11:23:33.876561
44.2241629,-76.4972004,99.419,0.09,05:17:2023:11:23:33.876883
44.2241629,-76.4972004,99.419,0.09,05:17:2023:11:23:33.877260
44.2241629,-76.4972004,99.419,0.09,05:17:2023:11:23:33.877593
44.2241642,-76.4972003,99.374,0.068,05:17:2023:11:23:33.879313
44.2241644,-76.4972002,99.358,0.032,05:17:2023:11:23:34.025479
44.2241646,-76.4972002,99.349,0.037,05:17:2023:11:23:34.075448
44.2241646,-76.4972002,99.349,0.037,05:17:2023:11:23:34.096899
44.2241647,-76.4972001,99.342,0.029,05:17:2023:11:23:34.129328
44.2241647,-76.4972001,99.342,0.029,05:17:2023:11:23:34.157090
44.2241649,-76.4972,99.338,0.036,05:17:2023:11:23:34.186187
44.2241654,-76.4971999,99.311,0.009,05:17:2023:11:23:34.226974
44.2241654,-76.4971999,99.311,0.009,05:17:2023:11:23:34.242067
44.2241657,-76.4971998,99.281,0.017,05:17:2023:11:23:34.407594
44.2241659,-76.4971997,99.269,0.021,05:17:2023:11:23:34.464469
44.2241661,-76.4971996,99.255,0.031,05:17:2023:11:23:34.521328
44.2241662,-76.4971995,99.25,0.065,05:17:2023:11:23:34.578242
44.2241665,-76.4971995,99.239,0.038,05:17:2023:11:23:34.635141
44.2241668,-76.4971995,99.224,0.013,05:17:2023:11:23:34.676552
44.2241668,-76.4971995,99.224,0.013,05:17:2023:11:23:34.698116
44.2241672,-76.4971995,99.202,0.053,05:17:2023:11:23:34.733341
44.2241674,-76.4971993,99.18,0.038,05:17:2023:11:23:34.789789
44.2241676,-76.4971991,99.143,0.046,05:17:2023:11:23:34.846918
44.2241678,-76.497199,99.118,0.043,05:17:2023:11:23:34.903988
44.2241683,-76.4971989,99.092,0.039,05:17:2023:11:23:35.077683
44.2241685,-76.4971989,99.074,0.055,05:17:2023:11:23:35.134516
44.2241689,-76.4971988,99.082,0.018,05:17:2023:11:23:35.194580
44.224169,-76.4971987,99.074,0.019,05:17:2023:11:23:35.251468
44.2241691,-76.4971985,99.06,0.021,05:17:2023:11:23:35.308389
44.2241692,-76.4971983,99.048,0.054,05:17:2023:11:23:35.475641
44.2241693,-76.4971982,99.043,0.068,05:17:2023:11:23:35.532669
44.2241695,-76.4971981,99.032,0.071,05:17:2023:11:23:35.589613
44.2241697,-76.497198,99.016,0.054,05:17:2023:11:23:35.646467
44.2241698,-76.497198,99.014,0.042,05:17:2023:11:23:35.711952
44.22417,-76.4971978,98.99,0.039,05:17:2023:11:23:35.769011
44.2241703,-76.4971974,98.959,0.058,05:17:2023:11:23:35.936045
44.2241705,-76.4971972,98.935,0.062,05:17:2023:11:23:35.993308
44.2241708,-76.4971971,98.91,0.048,05:17:2023:11:23:36.049893
44.224171,-76.4971969,98.877,0.035,05:17:2023:11:23:36.106771
44.2241713,-76.4971967,98.858,0.047,05:17:2023:11:23:36.274244
44.2241715,-76.4971965,98.837,0.037,05:17:2023:11:23:36.331210
44.2241718,-76.4971966,98.816,0.02,05:17:2023:11:23:36.388039
44.2241721,-76.4971965,98.797,0.028,05:17:2023:11:23:36.445129
44.2241724,-76.4971963,98.777,0.03,05:17:2023:11:23:36.502213
44.2241727,-76.4971961,98.748,0.055,05:17:2023:11:23:36.559172
44.2241729,-76.497196,98.731,0.06,05:17:2023:11:23:36.615992
44.2241731,-76.4971958,98.705,0.047,05:17:2023:11:23:36.783473
44.2241734,-76.4971954,98.658,0.028,05:17:2023:11:23:36.817871
44.2241735,-76.4971951,98.63,0.019,05:17:2023:11:23:36.997743
44.2241737,-76.4971948,98.599,0.049,05:17:2023:11:23:37.054625
44.2241739,-76.4971947,98.571,0.029,05:17:2023:11:23:37.112163
44.2241741,-76.4971945,98.552,0.038,05:17:2023:11:23:37.168437
44.2241742,-76.4971942,98.514,0.072,05:17:2023:11:23:37.225451
44.2241744,-76.4971939,98.476,0.07,05:17:2023:11:23:37.282451
44.2241746,-76.4971937,98.443,0.073,05:17:2023:11:23:37.339356
44.2241747,-76.4971935,98.425,0.082,05:17:2023:11:23:37.506452
44.2241749,-76.4971933,98.397,0.098,05:17:2023:11:23:37.563450
44.2241754,-76.4971933,98.36,0.008,05:17:2023:11:23:37.613925
44.2241757,-76.4971933,98.337,0.028,05:17:2023:11:23:37.778036
44.224176,-76.4971931,98.303,0.043,05:17:2023:11:23:37.822024
44.2241762,-76.4971931,98.296,0.063,05:17:2023:11:23:37.887263
44.2241764,-76.4971931,98.273,0.073,05:17:2023:11:23:37.957267
44.2241766,-76.4971929,98.24,0.069,05:17:2023:11:23:38.029817
44.2241768,-76.4971928,98.221,0.075,05:17:2023:11:23:38.108183
44.224177,-76.4971926,98.185,0.054,05:17:2023:11:23:38.172877
44.2241773,-76.497192,98.13,0.027,05:17:2023:11:23:38.206232
44.2241773,-76.497192,98.13,0.027,05:17:2023:11:23:38.213498
44.2241774,-76.4971918,98.096,0.015,05:17:2023:11:23:38.386969
44.2241776,-76.4971915,98.043,0.02,05:17:2023:11:23:38.443589
44.2241777,-76.497191,97.998,0.071,05:17:2023:11:23:38.500432
44.2241779,-76.4971909,97.978,0.063,05:17:2023:11:23:38.557515
44.2241783,-76.4971905,97.935,0.088,05:17:2023:11:23:38.709986
44.2241784,-76.4971902,97.897,0.077,05:17:2023:11:23:38.767001
44.2241784,-76.4971901,97.886,0.051,05:17:2023:11:23:38.823830
44.2241787,-76.4971899,97.841,0.055,05:17:2023:11:23:38.889112
44.2241788,-76.4971896,97.803,0.036,05:17:2023:11:23:38.946110
44.2241789,-76.4971893,97.759,0.044,05:17:2023:11:23:39.003014
44.224179,-76.4971887,97.703,0.092,05:17:2023:11:23:39.173850
44.224179,-76.4971887,97.703,0.092,05:17:2023:11:23:39.195151
44.224179,-76.4971883,97.669,0.109,05:17:2023:11:23:39.230683
44.2241791,-76.4971882,97.64,0.09,05:17:2023:11:23:39.287617
44.2241794,-76.4971879,97.597,0.067,05:17:2023:11:23:39.328373
44.2241794,-76.4971879,97.597,0.067,05:17:2023:11:23:39.342961
44.2241796,-76.4971878,97.575,0.061,05:17:2023:11:23:39.508707
44.2241798,-76.4971876,97.546,0.054,05:17:2023:11:23:39.565975
44.2241799,-76.4971874,97.523,0.069,05:17:2023:11:23:39.622761
44.2241801,-76.4971873,97.496,0.059,05:17:2023:11:23:39.679769
44.2241803,-76.4971868,97.459,0.102,05:17:2023:11:23:39.734258
44.2241803,-76.4971868,97.459,0.102,05:17:2023:11:23:39.884606
44.2241805,-76.4971868,97.447,0.049,05:17:2023:11:23:39.913885
44.2241806,-76.4971867,97.426,0.031,05:17:2023:11:23:39.970830
44.2241808,-76.4971867,97.415,0.033,05:17:2023:11:23:40.027727
44.2241809,-76.4971865,97.392,0.05,05:17:2023:11:23:40.084756
44.2241811,-76.4971864,97.38,0.044,05:17:2023:11:23:40.141665
44.2241814,-76.4971863,97.368,0.074,05:17:2023:11:23:40.185514
44.2241815,-76.4971863,97.357,0.035,05:17:2023:11:23:40.365771
44.2241817,-76.4971863,97.349,0.038,05:17:2023:11:23:40.422676
44.2241818,-76.4971862,97.337,0.021,05:17:2023:11:23:40.479643
44.224182,-76.4971862,97.335,0.028,05:17:2023:11:23:40.523471
44.2241822,-76.4971863,97.33,0.049,05:17:2023:11:23:40.703756
44.2241824,-76.4971863,97.328,0.058,05:17:2023:11:23:40.760687
44.2241824,-76.4971861,97.314,0.017,05:17:2023:11:23:40.817697
44.2241826,-76.4971859,97.282,0.041,05:17:2023:11:23:40.874869
44.2241827,-76.4971858,97.275,0.029,05:17:2023:11:23:40.940085
44.2241829,-76.4971858,97.264,0.029,05:17:2023:11:23:40.996890
44.224183,-76.4971857,97.258,0.04,05:17:2023:11:23:41.040893
44.2241832,-76.4971857,97.248,0.043,05:17:2023:11:23:41.097753
44.2241834,-76.4971856,97.239,0.05,05:17:2023:11:23:41.165248
44.2241834,-76.4971854,97.228,0.039,05:17:2023:11:23:41.222096
44.2241835,-76.4971854,97.222,0.041,05:17:2023:11:23:41.279426
44.2241836,-76.4971853,97.216,0.018,05:17:2023:11:23:41.446320
44.2241838,-76.4971853,97.203,0.021,05:17:2023:11:23:41.503299
44.2241839,-76.4971854,97.212,0.026,05:17:2023:11:23:41.560089
44.224184,-76.4971852,97.198,0.027,05:17:2023:11:23:41.617112
44.2241841,-76.497185,97.179,0.046,05:17:2023:11:23:41.673986
44.2241842,-76.4971849,97.164,0.048,05:17:2023:11:23:41.700076
44.2241843,-76.4971849,97.158,0.022,05:17:2023:11:23:41.757236
44.2241843,-76.4971849,97.168,0.031,05:17:2023:11:23:41.932625
44.2241845,-76.4971846,97.136,0.035,05:17:2023:11:23:41.983219
44.2241845,-76.4971844,97.128,0.044,05:17:2023:11:23:42.040187
44.2241845,-76.4971843,97.124,0.062,05:17:2023:11:23:42.204363
44.2241847,-76.4971843,97.116,0.037,05:17:2023:11:23:42.261301
44.2241848,-76.4971843,97.113,0.026,05:17:2023:11:23:42.318135
44.2241849,-76.4971841,97.095,0.033,05:17:2023:11:23:42.482296
44.224185,-76.497184,97.087,0.048,05:17:2023:11:23:42.539295
44.2241852,-76.4971842,97.101,0.024,05:17:2023:11:23:42.596120
44.2241853,-76.4971843,97.11,0.033,05:17:2023:11:23:42.649949
44.2241854,-76.4971845,97.122,0.062,05:17:2023:11:23:42.817169
44.2241855,-76.4971845,97.124,0.049,05:17:2023:11:23:42.874027
44.2241856,-76.4971844,97.109,0.034,05:17:2023:11:23:42.932326
44.2241859,-76.4971847,97.109,0.069,05:17:2023:11:23:42.999506
44.224186,-76.4971847,97.099,0.092,05:17:2023:11:23:43.056469
44.224186,-76.4971848,97.109,0.077,05:17:2023:11:23:43.227463
44.224186,-76.4971848,97.109,0.077,05:17:2023:11:23:43.249402
44.2241862,-76.4971849,97.102,0.089,05:17:2023:11:23:43.284406
44.2241862,-76.497185,97.103,0.089,05:17:2023:11:23:43.341282
44.2241863,-76.4971848,97.091,0.102,05:17:2023:11:23:43.398195
44.2241864,-76.4971848,97.078,0.09,05:17:2023:11:23:43.449334
44.2241865,-76.4971847,97.055,0.068,05:17:2023:11:23:43.619712
44.2241865,-76.4971847,97.055,0.068,05:17:2023:11:23:43.641281
44.2241865,-76.4971846,97.043,0.046,05:17:2023:11:23:43.676899
44.2241866,-76.4971844,97.016,0.049,05:17:2023:11:23:43.733951
44.2241869,-76.4971841,96.969,0.069,05:17:2023:11:23:43.774329
44.2241869,-76.4971841,96.969,0.069,05:17:2023:11:23:43.789766
44.224187,-76.497184,96.949,0.073,05:17:2023:11:23:43.948169
44.224187,-76.4971838,96.917,0.052,05:17:2023:11:23:44.013496
44.2241871,-76.4971836,96.887,0.047,05:17:2023:11:23:44.070391
44.2241871,-76.4971833,96.857,0.024,05:17:2023:11:23:44.127367
44.2241872,-76.497183,96.802,0.025,05:17:2023:11:23:44.187444
44.2241873,-76.4971828,96.765,0.025,05:17:2023:11:23:44.361319
44.2241874,-76.4971825,96.723,0.03,05:17:2023:11:23:44.418306
44.2241874,-76.4971823,96.692,0.037,05:17:2023:11:23:44.475295
44.2241874,-76.4971818,96.642,0.05,05:17:2023:11:23:44.532039
44.2241875,-76.4971817,96.619,0.039,05:17:2023:11:23:44.589200
44.2241875,-76.4971814,96.582,0.048,05:17:2023:11:23:44.639818
44.2241876,-76.4971815,96.573,0.039,05:17:2023:11:23:44.696764
44.2241877,-76.4971816,96.573,0.03,05:17:2023:11:23:44.753585
44.2241878,-76.4971817,96.574,0.013,05:17:2023:11:23:44.810560
44.2241878,-76.4971819,96.589,0.012,05:17:2023:11:23:44.867390
44.2241878,-76.497182,96.582,0.015,05:17:2023:11:23:44.921411
44.2241878,-76.497182,96.582,0.015,05:17:2023:11:23:44.949074
44.2241878,-76.4971818,96.558,0.025,05:17:2023:11:23:44.978497
44.2241879,-76.4971819,96.548,0.026,05:17:2023:11:23:45.035279
44.2241879,-76.4971818,96.525,0.021,05:17:2023:11:23:45.092130
44.224188,-76.4971818,96.523,0.004,05:17:2023:11:23:45.149069
44.2241881,-76.4971818,96.508,0.004,05:17:2023:11:23:45.205947
44.2241882,-76.4971819,96.503,0.009,05:17:2023:11:23:45.373426
44.2241883,-76.4971817,96.48,0.04,05:17:2023:11:23:45.430323
44.2241883,-76.4971816,96.468,0.052,05:17:2023:11:23:45.487185
44.2241884,-76.4971815,96.459,0.059,05:17:2023:11:23:45.544079
44.2241885,-76.4971815,96.451,0.062,05:17:2023:11:23:45.600908
44.2241888,-76.4971816,96.444,0.037,05:17:2023:11:23:45.668387
44.2241889,-76.4971817,96.442,0.042,05:17:2023:11:23:45.842796
44.2241891,-76.4971817,96.43,0.053,05:17:2023:11:23:45.908125
44.2241891,-76.4971817,96.422,0.043,05:17:2023:11:23:45.965025
44.2241891,-76.4971816,96.416,0.016,05:17:2023:11:23:46.021913
44.2241891,-76.4971816,96.398,0.021,05:17:2023:11:23:46.078753
44.2241892,-76.4971815,96.387,0.048,05:17:2023:11:23:46.143064
44.2241892,-76.4971815,96.387,0.048,05:17:2023:11:23:46.150476
44.2241893,-76.4971815,96.363,0.041,05:17:2023:11:23:46.200075
44.2241894,-76.4971815,96.348,0.038,05:17:2023:11:23:46.374044
44.2241896,-76.4971816,96.338,0.017,05:17:2023:11:23:46.417953
44.2241896,-76.4971817,96.334,0.017,05:17:2023:11:23:46.474955
44.2241897,-76.4971816,96.318,0.022,05:17:2023:11:23:46.531917
44.2241898,-76.4971816,96.31,0.037,05:17:2023:11:23:46.695989
44.2241899,-76.4971818,96.305,0.011,05:17:2023:11:23:46.752772
44.22419,-76.497182,96.309,0.021,05:17:2023:11:23:46.818210
44.2241902,-76.4971821,96.307,0.026,05:17:2023:11:23:46.875157
44.2241902,-76.4971822,96.313,0.018,05:17:2023:11:23:46.931849
44.2241903,-76.4971822,96.318,0.049,05:17:2023:11:23:46.979828
44.2241903,-76.4971822,96.318,0.049,05:17:2023:11:23:47.001161
44.2241904,-76.4971823,96.328,0.055,05:17:2023:11:23:47.036898
44.2241906,-76.4971825,96.328,0.045,05:17:2023:11:23:47.093356
44.2241906,-76.4971826,96.329,0.027,05:17:2023:11:23:47.150335
44.2241907,-76.4971829,96.346,0.012,05:17:2023:11:23:47.321267
44.2241907,-76.4971829,96.346,0.012,05:17:2023:11:23:47.342530
44.2241909,-76.4971835,96.372,0.038,05:17:2023:11:23:47.378157
44.2241909,-76.4971838,96.389,0.024,05:17:2023:11:23:47.435221
44.224191,-76.4971839,96.388,0.031,05:17:2023:11:23:47.492063
44.224191,-76.497184,96.397,0.027,05:17:2023:11:23:47.548906
44.2241911,-76.4971841,96.395,0.032,05:17:2023:11:23:47.713023
44.2241911,-76.4971838,96.366,0.004,05:17:2023:11:23:47.778473
44.2241911,-76.4971835,96.328,0.011,05:17:2023:11:23:47.835334
44.2241912,-76.4971832,96.29,0.015,05:17:2023:11:23:47.892346
44.2241912,-76.4971829,96.257,0.028,05:17:2023:11:23:48.056371
44.2241912,-76.4971823,96.186,0.011,05:17:2023:11:23:48.103830
44.2241912,-76.4971823,96.186,0.011,05:17:2023:11:23:48.125214
44.2241913,-76.4971821,96.15,0.022,05:17:2023:11:23:48.160747
44.2241913,-76.4971817,96.1,0.021,05:17:2023:11:23:48.217749
44.2241913,-76.4971813,96.06,0.022,05:17:2023:11:23:48.384969
44.2241914,-76.497181,96.023,0.034,05:17:2023:11:23:48.441902
44.2241914,-76.4971806,95.967,0.024,05:17:2023:11:23:48.509258
44.2241915,-76.4971803,95.928,0.036,05:17:2023:11:23:48.566232
44.2241915,-76.4971799,95.885,0.049,05:17:2023:11:23:48.623301
44.2241915,-76.4971795,95.848,0.055,05:17:2023:11:23:48.790564
44.2241914,-76.4971792,95.808,0.028,05:17:2023:11:23:48.855656
44.2241914,-76.4971789,95.774,0.025,05:17:2023:11:23:48.912539
44.2241914,-76.4971786,95.739,0.03,05:17:2023:11:23:48.969691
44.2241914,-76.4971782,95.695,0.035,05:17:2023:11:23:49.026519
44.2241913,-76.4971777,95.645,0.043,05:17:2023:11:23:49.190780
44.2241912,-76.4971771,95.594,0.054,05:17:2023:11:23:49.247511
44.2241912,-76.4971768,95.563,0.043,05:17:2023:11:23:49.304349
44.2241911,-76.4971764,95.524,0.048,05:17:2023:11:23:49.361372
44.2241912,-76.4971761,95.491,0.042,05:17:2023:11:23:49.418228
44.2241912,-76.497176,95.469,0.046,05:17:2023:11:23:49.585566
44.2241911,-76.4971751,95.389,0.058,05:17:2023:11:23:49.649756
44.2241911,-76.4971751,95.389,0.058,05:17:2023:11:23:49.657041
44.224191,-76.4971746,95.337,0.04,05:17:2023:11:23:49.706640
44.224191,-76.4971743,95.301,0.04,05:17:2023:11:23:49.763760
44.2241909,-76.4971738,95.253,0.058,05:17:2023:11:23:49.820704
44.2241909,-76.4971735,95.215,0.042,05:17:2023:11:23:49.877527
44.2241908,-76.4971731,95.165,0.041,05:17:2023:11:23:50.052074
44.2241907,-76.4971724,95.081,0.018,05:17:2023:11:23:50.111775
44.2241906,-76.4971721,95.044,0.014,05:17:2023:11:23:50.168703
44.2241906,-76.4971717,95.009,0.028,05:17:2023:11:23:50.225669
44.2241906,-76.4971716,94.98,0.024,05:17:2023:11:23:50.282634
44.2241907,-76.4971715,94.956,0.021,05:17:2023:11:23:50.449863
44.2241907,-76.4971711,94.914,0.025,05:17:2023:11:23:50.506761
44.2241906,-76.4971705,94.864,0.064,05:17:2023:11:23:50.563646
44.2241904,-76.49717,94.822,0.075,05:17:2023:11:23:50.620631
44.2241903,-76.4971694,94.775,0.092,05:17:2023:11:23:50.646735
44.2241902,-76.4971688,94.728,0.125,05:17:2023:11:23:50.703671
44.2241902,-76.4971684,94.691,0.106,05:17:2023:11:23:50.760621
44.2241901,-76.4971681,94.657,0.089,05:17:2023:11:23:50.927814
44.2241899,-76.4971675,94.593,0.062,05:17:2023:11:23:50.986706
44.2241898,-76.4971672,94.567,0.06,05:17:2023:11:23:51.043818
44.2241897,-76.4971669,94.544,0.063,05:17:2023:11:23:51.100668
44.2241896,-76.4971666,94.512,0.04,05:17:2023:11:23:51.157689
44.2241896,-76.4971665,94.483,0.021,05:17:2023:11:23:51.328633
44.2241896,-76.4971665,94.483,0.021,05:17:2023:11:23:51.349951
44.2241895,-76.4971662,94.453,0.02,05:17:2023:11:23:51.385321
44.2241894,-76.4971659,94.415,0.03,05:17:2023:11:23:51.442194
44.2241893,-76.4971656,94.387,0.028,05:17:2023:11:23:51.499274
44.2241893,-76.4971653,94.354,0.021,05:17:2023:11:23:51.556298
44.2241892,-76.4971649,94.31,0.006,05:17:2023:11:23:51.597146
44.2241892,-76.4971649,94.31,0.006,05:17:2023:11:23:51.611733
44.2241891,-76.4971643,94.271,0.06,05:17:2023:11:23:51.654051
44.224189,-76.4971638,94.221,0.063,05:17:2023:11:23:51.710718
44.2241889,-76.4971632,94.177,0.083,05:17:2023:11:23:51.767674
44.2241888,-76.4971628,94.136,0.089,05:17:2023:11:23:51.931781
44.2241887,-76.4971618,94.059,0.108,05:17:2023:11:23:52.004473
44.2241887,-76.4971618,94.059,0.108,05:17:2023:11:23:52.011735
44.2241887,-76.4971615,94.026,0.102,05:17:2023:11:23:52.061402
44.2241887,-76.4971611,93.987,0.088,05:17:2023:11:23:52.118208
44.2241887,-76.497161,93.964,0.05,05:17:2023:11:23:52.175206
44.2241888,-76.4971609,93.938,0.044,05:17:2023:11:23:52.232239
44.2241888,-76.4971607,93.914,0.027,05:17:2023:11:23:52.282893
44.2241888,-76.4971605,93.897,0.051,05:17:2023:11:23:52.339814
44.2241887,-76.4971603,93.872,0.065,05:17:2023:11:23:52.396947
44.2241886,-76.4971599,93.823,0.061,05:17:2023:11:23:52.453821
44.2241885,-76.4971595,93.784,0.048,05:17:2023:11:23:52.510764
44.2241885,-76.4971591,93.749,0.035,05:17:2023:11:23:52.551661
44.2241885,-76.4971591,93.749,0.035,05:17:2023:11:23:52.566273
44.2241885,-76.4971586,93.71,0.052,05:17:2023:11:23:52.608537
44.2241885,-76.4971582,93.673,0.078,05:17:2023:11:23:52.665466
44.2241885,-76.4971577,93.622,0.085,05:17:2023:11:23:52.722427
44.2241884,-76.4971573,93.585,0.076,05:17:2023:11:23:52.894975
44.2241884,-76.4971571,93.57,0.079,05:17:2023:11:23:52.951787
44.2241883,-76.4971571,93.561,0.061,05:17:2023:11:23:52.977918
44.2241883,-76.497157,93.54,0.073,05:17:2023:11:23:53.035139
44.2241883,-76.4971568,93.515,0.078,05:17:2023:11:23:53.091812
44.2241881,-76.4971564,93.478,0.06,05:17:2023:11:23:53.148809
44.224188,-76.4971558,93.428,0.08,05:17:2023:11:23:53.205562
44.2241878,-76.4971549,93.332,0.092,05:17:2023:11:23:53.372763
44.2241878,-76.4971546,93.287,0.067,05:17:2023:11:23:53.429650
44.2241877,-76.4971543,93.251,0.05,05:17:2023:11:23:53.486803
44.2241876,-76.4971539,93.211,0.045,05:17:2023:11:23:53.543543
44.2241874,-76.4971532,93.151,0.072,05:17:2023:11:23:53.600647
44.2241873,-76.4971527,93.083,0.074,05:17:2023:11:23:53.764625
44.2241872,-76.4971523,93.04,0.068,05:17:2023:11:23:53.830091
44.2241871,-76.4971519,92.994,0.063,05:17:2023:11:23:53.886800
44.224187,-76.4971516,92.961,0.064,05:17:2023:11:23:53.943734
44.2241869,-76.4971511,92.924,0.073,05:17:2023:11:23:54.117753
44.2241867,-76.4971508,92.89,0.059,05:17:2023:11:23:54.174995
44.2241865,-76.4971501,92.825,0.063,05:17:2023:11:23:54.231909
44.2241864,-76.4971497,92.796,0.071,05:17:2023:11:23:54.288775
44.2241862,-76.4971495,92.774,0.079,05:17:2023:11:23:54.452693
44.2241862,-76.4971493,92.748,0.041,05:17:2023:11:23:54.509661
44.2241861,-76.4971491,92.715,0.013,05:17:2023:11:23:54.566501
44.224186,-76.4971486,92.673,0.043,05:17:2023:11:23:54.623514
44.224186,-76.4971481,92.632,0.064,05:17:2023:11:23:54.649636
44.2241859,-76.4971475,92.579,0.095,05:17:2023:11:23:54.706558
44.2241857,-76.4971469,92.525,0.118,05:17:2023:11:23:54.763495
44.2241856,-76.4971464,92.479,0.117,05:17:2023:11:23:54.931066
44.2241854,-76.4971458,92.429,0.141,05:17:2023:11:23:54.987844
44.2241853,-76.4971452,92.367,0.156,05:17:2023:11:23:55.044847
44.2241853,-76.4971449,92.327,0.128,05:17:2023:11:23:55.101682
44.2241852,-76.4971444,92.279,0.124,05:17:2023:11:23:55.127820
44.2241852,-76.4971443,92.252,0.079,05:17:2023:11:23:55.185142
44.2241852,-76.4971441,92.227,0.051,05:17:2023:11:23:55.241692
44.2241851,-76.4971438,92.198,0.062,05:17:2023:11:23:55.298728
44.224185,-76.4971433,92.148,0.063,05:17:2023:11:23:55.465620
44.2241849,-76.4971429,92.083,0.039,05:17:2023:11:23:55.516461
44.2241849,-76.4971427,92.059,0.03,05:17:2023:11:23:55.573382
44.2241848,-76.4971425,92.025,0.016,05:17:2023:11:23:55.630175
44.2241847,-76.4971421,91.99,0.044,05:17:2023:11:23:55.794547
44.2241847,-76.4971418,91.956,0.049,05:17:2023:11:23:55.851610
44.2241846,-76.4971413,91.909,0.068,05:17:2023:11:23:55.916575
44.2241844,-76.4971409,91.872,0.06,05:17:2023:11:23:55.973559
44.2241844,-76.4971405,91.828,0.07,05:17:2023:11:23:56.030598
44.2241843,-76.49714,91.782,0.086,05:17:2023:11:23:56.087838
44.2241842,-76.4971393,91.723,0.136,05:17:2023:11:23:56.135085
44.2241842,-76.4971393,91.723,0.136,05:17:2023:11:23:56.156379
44.224184,-76.4971385,91.657,0.164,05:17:2023:11:23:56.191913
44.2241838,-76.4971378,91.592,0.18,05:17:2023:11:23:56.248707
44.2241836,-76.497137,91.522,0.195,05:17:2023:11:23:56.305760
44.2241836,-76.4971365,91.462,0.185,05:17:2023:11:23:56.362642
44.2241836,-76.497136,91.399,0.166,05:17:2023:11:23:56.533593
44.2241836,-76.497136,91.399,0.166,05:17:2023:11:23:56.555254
44.2241837,-76.4971357,91.351,0.116,05:17:2023:11:23:56.591525
44.2241838,-76.4971355,91.308,0.082,05:17:2023:11:23:56.647516
44.2241839,-76.497135,91.251,0.068,05:17:2023:11:23:56.704436
44.2241839,-76.4971345,91.193,0.084,05:17:2023:11:23:56.761317
44.2241839,-76.4971339,91.126,0.091,05:17:2023:11:23:56.925749
44.2241838,-76.4971333,91.066,0.111,05:17:2023:11:23:56.990589
44.2241839,-76.497133,91.015,0.072,05:17:2023:11:23:57.047553
44.224184,-76.4971326,90.961,0.063,05:17:2023:11:23:57.104454
44.2241838,-76.4971311,90.809,0.096,05:17:2023:11:23:57.145300
44.2241838,-76.4971311,90.809,0.096,05:17:2023:11:23:57.160120
44.2241837,-76.4971303,90.737,0.128,05:17:2023:11:23:57.325667
44.2241836,-76.4971295,90.658,0.162,05:17:2023:11:23:57.373312
44.2241836,-76.4971295,90.658,0.162,05:17:2023:11:23:57.394825
44.2241836,-76.4971287,90.58,0.19,05:17:2023:11:23:57.430262
44.2241836,-76.4971279,90.509,0.212,05:17:2023:11:23:57.486906
44.2241836,-76.4971273,90.438,0.195,05:17:2023:11:23:57.543945
44.2241836,-76.497126,90.308,0.218,05:17:2023:11:23:57.608116
44.2241836,-76.497126,90.308,0.218,05:17:2023:11:23:57.615618
44.2241836,-76.4971252,90.22,0.2,05:17:2023:11:23:57.782111
44.2241837,-76.4971247,90.148,0.164,05:17:2023:11:23:57.839073
44.2241837,-76.4971244,90.094,0.158,05:17:2023:11:23:57.896056
44.2241839,-76.4971243,90.039,0.124,05:17:2023:11:23:57.961481
44.2241842,-76.4971237,89.917,0.08,05:17:2023:11:23:58.012081
44.2241843,-76.4971234,89.867,0.081,05:17:2023:11:23:58.192337
44.2241844,-76.4971231,89.808,0.087,05:17:2023:11:23:58.249237
44.2241845,-76.4971229,89.764,0.074,05:17:2023:11:23:58.306182
44.2241847,-76.4971226,89.681,0.065,05:17:2023:11:23:58.346848
44.2241847,-76.4971226,89.681,0.065,05:17:2023:11:23:58.361300
44.2241847,-76.4971222,89.626,0.101,05:17:2023:11:23:58.527355
44.2241848,-76.4971217,89.562,0.129,05:17:2023:11:23:58.584095
44.2241847,-76.4971211,89.506,0.154,05:17:2023:11:23:58.641050
44.2241848,-76.4971203,89.386,0.165,05:17:2023:11:23:58.691772
44.2241848,-76.4971199,89.333,0.173,05:17:2023:11:23:58.855865
44.2241847,-76.4971194,89.267,0.189,05:17:2023:11:23:58.921227
44.2241848,-76.4971189,89.211,0.21,05:17:2023:11:23:58.977995
44.2241848,-76.4971186,89.168,0.187,05:17:2023:11:23:59.035156
44.2241849,-76.4971183,89.129,0.199,05:17:2023:11:23:59.091964
44.2241851,-76.4971182,89.084,0.157,05:17:2023:11:23:59.148916
44.2241852,-76.4971179,89.038,0.158,05:17:2023:11:23:59.175041
44.2241853,-76.4971175,88.986,0.163,05:17:2023:11:23:59.232048
44.2241855,-76.4971172,88.925,0.147,05:17:2023:11:23:59.398890
44.2241856,-76.4971168,88.851,0.123,05:17:2023:11:23:59.455926
44.2241858,-76.4971165,88.792,0.107,05:17:2023:11:23:59.513100
44.2241859,-76.4971161,88.739,0.102,05:17:2023:11:23:59.570207
44.224186,-76.4971158,88.693,0.101,05:17:2023:11:23:59.626887
44.224186,-76.4971153,88.64,0.115,05:17:2023:11:23:59.683862
44.2241861,-76.4971148,88.592,0.116,05:17:2023:11:23:59.710006
44.224186,-76.4971143,88.544,0.128,05:17:2023:11:23:59.766905
44.224186,-76.4971137,88.476,0.135,05:17:2023:11:23:59.934188
44.2241858,-76.4971129,88.417,0.198,05:17:2023:11:23:59.991049
44.2241859,-76.4971118,88.309,0.222,05:17:2023:11:24:00.041724
44.2241859,-76.4971113,88.247,0.216,05:17:2023:11:24:00.205849
44.224186,-76.497111,88.196,0.168,05:17:2023:11:24:00.262711
44.2241862,-76.4971106,88.147,0.161,05:17:2023:11:24:00.319792
44.2241864,-76.4971104,88.101,0.121,05:17:2023:11:24:00.376924
44.2241865,-76.49711,88.058,0.126,05:17:2023:11:24:00.433617
44.2241867,-76.4971099,88.016,0.107,05:17:2023:11:24:00.490523
44.2241867,-76.4971093,87.945,0.11,05:17:2023:11:24:00.547571
44.2241867,-76.4971085,87.886,0.165,05:17:2023:11:24:00.724632
44.2241867,-76.4971085,87.886,0.165,05:17:2023:11:24:00.752226
44.2241868,-76.497108,87.828,0.167,05:17:2023:11:24:00.781499
44.2241872,-76.4971076,87.75,0.119,05:17:2023:11:24:00.822247
44.2241872,-76.4971076,87.75,0.119,05:17:2023:11:24:00.836823
44.2241875,-76.4971073,87.698,0.138,05:17:2023:11:24:00.994516
44.2241877,-76.4971071,87.657,0.146,05:17:2023:11:24:01.051727
44.224188,-76.497107,87.616,0.147,05:17:2023:11:24:01.109072
44.2241882,-76.4971067,87.572,0.171,05:17:2023:11:24:01.165934
44.2241882,-76.4971058,87.481,0.13,05:17:2023:11:24:01.230037
44.2241882,-76.4971058,87.481,0.13,05:17:2023:11:24:01.237374
44.2241882,-76.4971052,87.415,0.12,05:17:2023:11:24:01.394780
44.2241882,-76.4971048,87.373,0.108,05:17:2023:11:24:01.451079
44.2241883,-76.4971044,87.331,0.101,05:17:2023:11:24:01.509678
44.2241884,-76.497104,87.286,0.089,05:17:2023:11:24:01.565218
44.2241886,-76.4971035,87.225,0.091,05:17:2023:11:24:01.606980
44.2241886,-76.4971035,87.225,0.091,05:17:2023:11:24:01.620583
44.2241887,-76.4971032,87.192,0.086,05:17:2023:11:24:01.786316
44.2241888,-76.497103,87.154,0.078,05:17:2023:11:24:01.842781
44.224189,-76.4971028,87.117,0.092,05:17:2023:11:24:01.899728
44.224189,-76.4971025,87.084,0.08,05:17:2023:11:24:01.964888
44.2241891,-76.497102,87.04,0.091,05:17:2023:11:24:02.021825
44.2241892,-76.4971016,87.0,0.087,05:17:2023:11:24:02.075796
44.2241892,-76.4971016,87.0,0.087,05:17:2023:11:24:02.104637
44.2241892,-76.4971014,86.967,0.082,05:17:2023:11:24:02.132648
44.2241893,-76.497101,86.938,0.091,05:17:2023:11:24:02.189733
44.2241893,-76.4971007,86.896,0.077,05:17:2023:11:24:02.246538
44.2241894,-76.4971003,86.859,0.093,05:17:2023:11:24:02.303568
44.2241896,-76.4971001,86.822,0.102,05:17:2023:11:24:02.360390
44.2241898,-76.4971,86.808,0.085,05:17:2023:11:24:02.414229
44.2241898,-76.4971,86.808,0.085,05:17:2023:11:24:02.442017
44.2241898,-76.4970996,86.76,0.064,05:17:2023:11:24:02.471277
44.2241897,-76.4970991,86.727,0.087,05:17:2023:11:24:02.528217
44.2241897,-76.4970988,86.703,0.087,05:17:2023:11:24:02.585400
44.2241898,-76.4970985,86.661,0.082,05:17:2023:11:24:02.642239
44.2241898,-76.4970983,86.628,0.07,05:17:2023:11:24:02.692739
44.2241899,-76.497098,86.601,0.066,05:17:2023:11:24:02.749793
44.22419,-76.4970977,86.567,0.082,05:17:2023:11:24:02.814912
44.2241901,-76.4970976,86.538,0.089,05:17:2023:11:24:02.871972
44.2241902,-76.4970974,86.504,0.072,05:17:2023:11:24:02.928799
44.2241905,-76.4970967,86.405,0.073,05:17:2023:11:24:02.988969
44.2241906,-76.4970961,86.34,0.105,05:17:2023:11:24:03.169272
44.2241905,-76.4970954,86.259,0.116,05:17:2023:11:24:03.226168
44.2241906,-76.4970948,86.188,0.103,05:17:2023:11:24:03.283080
44.2241905,-76.497094,86.12,0.136,05:17:2023:11:24:03.340330
44.2241906,-76.4970935,86.053,0.141,05:17:2023:11:24:03.397008
44.2241907,-76.4970929,85.983,0.14,05:17:2023:11:24:03.454542
44.2241906,-76.4970915,85.849,0.135,05:17:2023:11:24:03.507814
44.2241906,-76.4970915,85.849,0.135,05:17:2023:11:24:03.659226
44.2241905,-76.4970908,85.789,0.148,05:17:2023:11:24:03.688813
44.2241906,-76.4970904,85.747,0.134,05:17:2023:11:24:03.744919
44.2241906,-76.4970899,85.692,0.104,05:17:2023:11:24:03.810255
44.2241906,-76.4970892,85.627,0.109,05:17:2023:11:24:03.867566
44.2241904,-76.4970885,85.571,0.146,05:17:2023:11:24:03.924105
44.2241904,-76.4970879,85.514,0.143,05:17:2023:11:24:03.981064
44.2241906,-76.4970871,85.422,0.123,05:17:2023:11:24:04.038078
44.2241907,-76.4970868,85.389,0.122,05:17:2023:11:24:04.218302
44.2241908,-76.4970866,85.35,0.104,05:17:2023:11:24:04.272742
44.2241909,-76.4970857,85.251,0.087,05:17:2023:11:24:04.312811
44.2241909,-76.4970857,85.251,0.087,05:17:2023:11:24:04.327492
44.224191,-76.4970853,85.208,0.11,05:17:2023:11:24:04.484010
44.224191,-76.4970853,85.208,0.11,05:17:2023:11:24:04.505165
44.2241911,-76.497085,85.164,0.093,05:17:2023:11:24:04.541166
44.2241911,-76.4970846,85.121,0.068,05:17:2023:11:24:04.597544
44.224191,-76.4970842,85.088,0.069,05:17:2023:11:24:04.654471
44.2241911,-76.4970839,85.053,0.07,05:17:2023:11:24:04.711455
44.2241911,-76.497083,84.948,0.056,05:17:2023:11:24:04.875422
44.2241912,-76.4970825,84.896,0.084,05:17:2023:11:24:04.932226
44.2241913,-76.497082,84.842,0.105,05:17:2023:11:24:04.989082
44.2241914,-76.4970815,84.794,0.103,05:17:2023:11:24:05.046055
44.2241915,-76.4970812,84.759,0.104,05:17:2023:11:24:05.093674
44.2241915,-76.4970812,84.759,0.104,05:17:2023:11:24:05.115195
44.2241915,-76.4970811,84.737,0.101,05:17:2023:11:24:05.150621
44.2241917,-76.4970808,84.708,0.117,05:17:2023:11:24:05.207498
44.2241919,-76.4970807,84.68,0.122,05:17:2023:11:24:05.264671
44.2241922,-76.4970806,84.651,0.145,05:17:2023:11:24:05.321404
44.2241924,-76.4970802,84.607,0.156,05:17:2023:11:24:05.378359
44.2241927,-76.4970796,84.517,0.179,05:17:2023:11:24:05.558885
44.2241929,-76.4970791,84.472,0.198,05:17:2023:11:24:05.615851
44.2241929,-76.4970788,84.434,0.172,05:17:2023:11:24:05.672788
44.224193,-76.4970785,84.389,0.141,05:17:2023:11:24:05.738097
44.224193,-76.4970776,84.31,0.107,05:17:2023:11:24:05.805511
44.2241931,-76.4970775,84.275,0.126,05:17:2023:11:24:05.862367
44.2241932,-76.4970772,84.245,0.125,05:17:2023:11:24:05.919270
44.2241932,-76.4970768,84.206,0.13,05:17:2023:11:24:06.086509
44.2241934,-76.4970766,84.175,0.137,05:17:2023:11:24:06.143816
44.2241935,-76.4970764,84.147,0.137,05:17:2023:11:24:06.200371
44.2241936,-76.4970761,84.119,0.137,05:17:2023:11:24:06.257576
44.2241937,-76.4970759,84.082,0.145,05:17:2023:11:24:06.314270
44.2241938,-76.4970757,84.052,0.163,05:17:2023:11:24:06.371187
44.2241938,-76.4970754,84.017,0.152,05:17:2023:11:24:06.538414
44.224194,-76.4970753,83.984,0.181,05:17:2023:11:24:06.595367
44.2241943,-76.4970753,83.962,0.221,05:17:2023:11:24:06.652290
44.2241946,-76.4970752,83.938,0.235,05:17:2023:11:24:06.709459
44.2241947,-76.497075,83.915,0.25,05:17:2023:11:24:06.774683
44.2241948,-76.4970748,83.895,0.26,05:17:2023:11:24:06.941747
44.2241947,-76.4970745,83.857,0.222,05:17:2023:11:24:06.998612
44.2241947,-76.4970741,83.821,0.186,05:17:2023:11:24:07.055441
44.2241946,-76.4970737,83.785,0.155,05:17:2023:11:24:07.112429
44.2241946,-76.4970732,83.753,0.148,05:17:2023:11:24:07.169493
44.2241946,-76.4970728,83.717,0.15,05:17:2023:11:24:07.226366
44.2241947,-76.4970721,83.616,0.126,05:17:2023:11:24:07.293839
44.2241946,-76.4970717,83.581,0.113,05:17:2023:11:24:07.467814
44.2241946,-76.4970714,83.557,0.079,05:17:2023:11:24:07.524735
44.2241944,-76.4970711,83.533,0.044,05:17:2023:11:24:07.581686
44.2241944,-76.4970708,83.504,0.049,05:17:2023:11:24:07.638751
44.2241944,-76.4970707,83.48,0.064,05:17:2023:11:24:07.695664
44.2241944,-76.4970704,83.461,0.063,05:17:2023:11:24:07.752514
44.2241944,-76.4970699,83.412,0.07,05:17:2023:11:24:07.821432
44.2241944,-76.4970697,83.382,0.056,05:17:2023:11:24:08.001377
44.2241944,-76.4970693,83.349,0.069,05:17:2023:11:24:08.058228
44.2241943,-76.4970687,83.316,0.119,05:17:2023:11:24:08.115209
44.2241941,-76.4970684,83.296,0.12,05:17:2023:11:24:08.172025
44.2241939,-76.497068,83.269,0.123,05:17:2023:11:24:08.228944
44.2241937,-76.4970674,83.211,0.101,05:17:2023:11:24:08.399664
44.2241937,-76.4970674,83.211,0.101,05:17:2023:11:24:08.421286
44.2241937,-76.4970672,83.193,0.111,05:17:2023:11:24:08.456741
44.2241938,-76.497067,83.172,0.119,05:17:2023:11:24:08.513595
44.2241939,-76.4970668,83.148,0.101,05:17:2023:11:24:08.570500
44.2241941,-76.4970668,83.115,0.068,05:17:2023:11:24:08.617966
44.2241941,-76.4970668,83.115,0.068,05:17:2023:11:24:08.762760
44.2241942,-76.4970668,83.105,0.084,05:17:2023:11:24:08.798225
44.2241942,-76.4970667,83.1,0.093,05:17:2023:11:24:08.863682
44.2241943,-76.4970667,83.091,0.083,05:17:2023:11:24:08.920517
44.2241943,-76.4970667,83.081,0.08,05:17:2023:11:24:08.977444
44.2241943,-76.4970664,83.045,0.051,05:17:2023:11:24:09.149035
44.2241944,-76.4970663,83.032,0.084,05:17:2023:11:24:09.205553
44.2241944,-76.4970661,83.011,0.083,05:17:2023:11:24:09.262672
44.2241945,-76.497066,82.991,0.078,05:17:2023:11:24:09.319570
44.2241945,-76.4970659,82.974,0.105,05:17:2023:11:24:09.376259
44.2241946,-76.497066,82.973,0.113,05:17:2023:11:24:09.433165
44.2241946,-76.4970658,82.954,0.09,05:17:2023:11:24:09.490392
44.2241948,-76.4970658,82.933,0.119,05:17:2023:11:24:09.664184
44.2241949,-76.4970657,82.915,0.146,05:17:2023:11:24:09.721030
44.2241951,-76.4970655,82.878,0.148,05:17:2023:11:24:09.764890
44.2241951,-76.4970654,82.872,0.139,05:17:2023:11:24:09.935774
44.2241951,-76.4970654,82.872,0.139,05:17:2023:11:24:09.957157
44.224195,-76.4970651,82.852,0.139,05:17:2023:11:24:09.992587
44.224195,-76.4970647,82.827,0.135,05:17:2023:11:24:10.049525
44.224195,-76.4970643,82.79,0.126,05:17:2023:11:24:10.106447
44.2241951,-76.4970642,82.773,0.117,05:17:2023:11:24:10.163583
44.224195,-76.497064,82.759,0.108,05:17:2023:11:24:10.220449
44.224195,-76.4970638,82.75,0.102,05:17:2023:11:24:10.277715
44.2241952,-76.4970639,82.739,0.112,05:17:2023:11:24:10.335721
44.2241953,-76.497064,82.718,0.109,05:17:2023:11:24:10.391767
44.2241955,-76.497064,82.705,0.13,05:17:2023:11:24:10.448438
44.2241957,-76.497064,82.683,0.162,05:17:2023:11:24:10.505647
44.2241958,-76.4970639,82.66,0.152,05:17:2023:11:24:10.669419
44.2241956,-76.4970634,82.624,0.081,05:17:2023:11:24:10.733700
44.2241956,-76.4970634,82.624,0.081,05:17:2023:11:24:10.741007
44.2241955,-76.4970632,82.605,0.086,05:17:2023:11:24:10.799001
44.2241954,-76.4970629,82.587,0.094,05:17:2023:11:24:10.855963
44.2241953,-76.4970626,82.567,0.124,05:17:2023:11:24:10.912855
44.2241953,-76.4970625,82.552,0.118,05:17:2023:11:24:11.080024
44.2241952,-76.4970624,82.531,0.06,05:17:2023:11:24:11.136907
44.2241951,-76.4970623,82.517,0.032,05:17:2023:11:24:11.193826
44.2241951,-76.4970621,82.495,0.047,05:17:2023:11:24:11.250890
44.224195,-76.4970619,82.473,0.05,05:17:2023:11:24:11.307880
44.2241948,-76.4970617,82.461,0.074,05:17:2023:11:24:11.481736
44.2241947,-76.4970614,82.439,0.107,05:17:2023:11:24:11.538520
44.2241947,-76.4970612,82.412,0.099,05:17:2023:11:24:11.595454
44.2241944,-76.4970606,82.358,0.118,05:17:2023:11:24:11.655793
44.2241942,-76.4970602,82.325,0.158,05:17:2023:11:24:11.713178
44.2241941,-76.4970599,82.309,0.181,05:17:2023:11:24:11.778557
44.2241938,-76.4970596,82.289,0.212,05:17:2023:11:24:11.952301
44.2241939,-76.4970596,82.285,0.173,05:17:2023:11:24:12.009656
44.2241939,-76.4970595,82.266,0.166,05:17:2023:11:24:12.066646
44.2241939,-76.4970596,82.252,0.124,05:17:2023:11:24:12.123225
44.2241939,-76.4970597,82.245,0.056,05:17:2023:11:24:12.183085
44.2241938,-76.4970597,82.24,0.066,05:17:2023:11:24:12.239894
44.2241939,-76.4970597,82.223,0.04,05:17:2023:11:24:12.420153
44.224194,-76.4970597,82.212,0.027,05:17:2023:11:24:12.477383
44.224194,-76.4970598,82.208,0.037,05:17:2023:11:24:12.534207
44.224194,-76.4970597,82.174,0.031,05:17:2023:11:24:12.590969
44.224194,-76.4970596,82.156,0.043,05:17:2023:11:24:12.647843
44.224194,-76.4970597,82.147,0.041,05:17:2023:11:24:12.811978
44.224194,-76.4970596,82.132,0.051,05:17:2023:11:24:12.877314
44.2241939,-76.4970594,82.12,0.044,05:17:2023:11:24:12.934371
44.2241937,-76.4970592,82.089,0.046,05:17:2023:11:24:12.988054
44.2241937,-76.4970591,82.086,0.071,05:17:2023:11:24:13.155311
44.2241935,-76.4970589,82.079,0.072,05:17:2023:11:24:13.212201
44.2241935,-76.4970589,82.071,0.087,05:17:2023:11:24:13.269166
44.2241935,-76.4970589,82.065,0.093,05:17:2023:11:24:13.326096
44.2241936,-76.4970588,82.056,0.113,05:17:2023:11:24:13.359663
44.2241936,-76.4970588,82.056,0.113,05:17:2023:11:24:13.366903
44.2241935,-76.4970587,82.045,0.091,05:17:2023:11:24:13.416491
44.2241935,-76.4970586,82.036,0.093,05:17:2023:11:24:13.473399
44.2241934,-76.4970585,82.022,0.099,05:17:2023:11:24:13.530332
44.2241932,-76.4970583,82.013,0.084,05:17:2023:11:24:13.694258
44.224193,-76.4970581,81.999,0.059,05:17:2023:11:24:13.751179
44.2241928,-76.4970579,81.993,0.067,05:17:2023:11:24:13.808362
44.2241924,-76.4970574,81.97,0.1,05:17:2023:11:24:13.873586
44.2241922,-76.4970574,81.966,0.079,05:17:2023:11:24:14.040838
44.224192,-76.4970573,81.963,0.078,05:17:2023:11:24:14.097920
44.2241916,-76.4970568,81.924,0.086,05:17:2023:11:24:14.148558
44.2241914,-76.4970567,81.912,0.082,05:17:2023:11:24:14.205437
44.2241911,-76.4970566,81.906,0.088,05:17:2023:11:24:14.382875
44.2241911,-76.4970566,81.906,0.088,05:17:2023:11:24:14.410370
44.2241911,-76.4970566,81.901,0.074,05:17:2023:11:24:14.439471
44.224191,-76.4970567,81.906,0.05,05:17:2023:11:24:14.496436
44.2241909,-76.4970566,81.9,0.043,05:17:2023:11:24:14.553315
44.2241907,-76.4970565,81.9,0.069,05:17:2023:11:24:14.610207
44.2241904,-76.4970563,81.89,0.077,05:17:2023:11:24:14.667186
44.2241902,-76.4970561,81.875,0.074,05:17:2023:11:24:14.831209
44.22419,-76.4970558,81.848,0.072,05:17:2023:11:24:14.888275
44.2241897,-76.4970558,81.845,0.024,05:17:2023:11:24:14.945297
44.2241895,-76.4970557,81.837,0.031,05:17:2023:11:24:15.002122
44.2241894,-76.4970556,81.831,0.032,05:17:2023:11:24:15.166164
44.2241892,-76.4970555,81.83,0.036,05:17:2023:11:24:15.223142
44.224189,-76.4970553,81.822,0.035,05:17:2023:11:24:15.280154
44.2241886,-76.4970549,81.793,0.042,05:17:2023:11:24:15.344669
44.2241886,-76.4970549,81.793,0.042,05:17:2023:11:24:15.351960
44.2241884,-76.4970547,81.781,0.048,05:17:2023:11:24:15.401257
44.2241883,-76.4970546,81.777,0.042,05:17:2023:11:24:15.458171
44.2241882,-76.4970545,81.771,0.049,05:17:2023:11:24:15.632167
44.224188,-76.4970544,81.761,0.041,05:17:2023:11:24:15.688961
44.2241877,-76.4970542,81.744,0.049,05:17:2023:11:24:15.739774
44.2241875,-76.4970541,81.747,0.064,05:17:2023:11:24:15.796728
44.2241872,-76.4970538,81.728,0.053,05:17:2023:11:24:15.972491
44.224187,-76.4970536,81.708,0.041,05:17:2023:11:24:16.029774
44.2241869,-76.4970536,81.705,0.05,05:17:2023:11:24:16.086147
44.2241869,-76.4970537,81.71,0.038,05:17:2023:11:24:16.142882
44.2241867,-76.4970538,81.705,0.034,05:17:2023:11:24:16.210735
44.2241867,-76.497054,81.706,0.013,05:17:2023:11:24:16.267461
44.2241866,-76.497054,81.698,0.028,05:17:2023:11:24:16.441468
44.2241865,-76.497054,81.693,0.031,05:17:2023:11:24:16.498594
44.2241864,-76.4970539,81.681,0.041,05:17:2023:11:24:16.555495
44.2241863,-76.4970541,81.672,0.016,05:17:2023:11:24:16.612260
44.2241861,-76.4970541,81.668,0.044,05:17:2023:11:24:16.672130
44.224186,-76.4970542,81.663,0.034,05:17:2023:11:24:16.839694
44.2241859,-76.4970542,81.661,0.027,05:17:2023:11:24:16.896344
44.2241858,-76.4970543,81.656,0.019,05:17:2023:11:24:16.961801
44.2241858,-76.4970543,81.655,0.043,05:17:2023:11:24:17.018562
44.2241858,-76.4970544,81.662,0.045,05:17:2023:11:24:17.075529
44.2241857,-76.4970545,81.666,0.06,05:17:2023:11:24:17.101724
44.2241856,-76.4970544,81.65,0.062,05:17:2023:11:24:17.159342
44.2241855,-76.4970544,81.645,0.063,05:17:2023:11:24:17.216135
44.2241855,-76.4970546,81.649,0.036,05:17:2023:11:24:17.387491
44.2241855,-76.4970546,81.649,0.036,05:17:2023:11:24:17.408330
44.2241853,-76.4970549,81.655,0.031,05:17:2023:11:24:17.434609
44.2241852,-76.4970549,81.65,0.018,05:17:2023:11:24:17.491314
44.2241851,-76.4970549,81.644,0.027,05:17:2023:11:24:17.548288
44.224185,-76.4970548,81.637,0.048,05:17:2023:11:24:17.722260
44.2241851,-76.497055,81.631,0.038,05:17:2023:11:24:17.778928
44.224185,-76.497055,81.633,0.049,05:17:2023:11:24:17.836068
44.2241849,-76.497055,81.634,0.049,05:17:2023:11:24:17.893193
44.2241847,-76.497055,81.636,0.048,05:17:2023:11:24:17.958488
44.2241847,-76.4970551,81.622,0.036,05:17:2023:11:24:17.984385
44.2241846,-76.4970551,81.614,0.045,05:17:2023:11:24:18.041348
44.2241845,-76.4970551,81.615,0.064,05:17:2023:11:24:18.098207
44.2241844,-76.4970551,81.614,0.071,05:17:2023:11:24:18.262392
44.2241841,-76.497055,81.581,0.024,05:17:2023:11:24:18.319222
44.224184,-76.497055,81.583,0.025,05:17:2023:11:24:18.376113
44.2241839,-76.4970552,81.595,0.024,05:17:2023:11:24:18.433173
44.2241838,-76.4970553,81.601,0.017,05:17:2023:11:24:18.490001
44.2241837,-76.4970555,81.62,0.028,05:17:2023:11:24:18.547067
44.2241835,-76.4970555,81.623,0.055,05:17:2023:11:24:18.594870
44.2241835,-76.4970555,81.623,0.055,05:17:2023:11:24:18.616076
44.2241834,-76.4970556,81.626,0.031,05:17:2023:11:24:18.651472
44.2241833,-76.4970557,81.626,0.013,05:17:2023:11:24:18.708407
44.2241832,-76.4970558,81.628,0.036,05:17:2023:11:24:18.872593
44.2241831,-76.4970564,81.677,0.038,05:17:2023:11:24:18.937806
44.2241831,-76.4970572,81.751,0.033,05:17:2023:11:24:18.994684
44.2241831,-76.497058,81.814,0.028,05:17:2023:11:24:19.051861
44.2241831,-76.4970586,81.852,0.011,05:17:2023:11:24:19.077839
44.2241832,-76.4970591,81.881,0.011,05:17:2023:11:24:19.134711
44.2241832,-76.4970596,81.918,0.029,05:17:2023:11:24:19.191684
44.2241832,-76.4970604,81.976,0.047,05:17:2023:11:24:19.362658
44.2241832,-76.4970604,81.976,0.047,05:17:2023:11:24:19.383928
44.2241836,-76.4970618,82.074,0.011,05:17:2023:11:24:19.413583
44.2241837,-76.4970624,82.111,0.005,05:17:2023:11:24:19.470362
44.2241838,-76.4970629,82.142,0.011,05:17:2023:11:24:19.634505
44.2241838,-76.4970635,82.177,0.018,05:17:2023:11:24:19.691390
44.2241839,-76.4970639,82.192,0.014,05:17:2023:11:24:19.748260
44.224184,-76.4970644,82.229,0.027,05:17:2023:11:24:19.805165
44.2241843,-76.4970658,82.325,0.019,05:17:2023:11:24:19.869696
44.2241843,-76.4970658,82.325,0.019,05:17:2023:11:24:19.876668
44.2241845,-76.4970664,82.357,0.019,05:17:2023:11:24:20.036532
44.2241846,-76.497067,82.394,0.002,05:17:2023:11:24:20.093444
44.2241849,-76.4970679,82.434,0.048,05:17:2023:11:24:20.150534
44.224185,-76.497069,82.522,0.03,05:17:2023:11:24:20.207302
44.2241852,-76.4970698,82.563,0.019,05:17:2023:11:24:20.264281
44.2241854,-76.4970706,82.609,0.056,05:17:2023:11:24:20.438328
44.2241855,-76.4970713,82.653,0.065,05:17:2023:11:24:20.495253
44.2241857,-76.497072,82.691,0.081,05:17:2023:11:24:20.552244
44.2241859,-76.4970727,82.734,0.07,05:17:2023:11:24:20.609135
44.2241865,-76.4970742,82.829,0.144,05:17:2023:11:24:20.669182
44.2241867,-76.4970747,82.849,0.116,05:17:2023:11:24:20.726120
44.2241869,-76.4970751,82.858,0.098,05:17:2023:11:24:20.893642
44.224187,-76.4970756,82.874,0.067,05:17:2023:11:24:20.959175
44.2241871,-76.497076,82.891,0.064,05:17:2023:11:24:21.016050
44.2241874,-76.4970771,82.936,0.073,05:17:2023:11:24:21.083086
44.2241876,-76.4970777,82.96,0.077,05:17:2023:11:24:21.140193
44.2241877,-76.4970784,83.0,0.069,05:17:2023:11:24:21.307223
44.2241879,-76.4970791,83.038,0.067,05:17:2023:11:24:21.364247
44.2241881,-76.4970796,83.052,0.071,05:17:2023:11:24:21.421443
44.2241882,-76.4970802,83.085,0.041,05:17:2023:11:24:21.478311
44.2241882,-76.4970808,83.134,0.043,05:17:2023:11:24:21.535227
44.2241884,-76.4970815,83.171,0.065,05:17:2023:11:24:21.592122
44.2241886,-76.4970822,83.222,0.064,05:17:2023:11:24:21.618178
44.2241887,-76.4970828,83.262,0.067,05:17:2023:11:24:21.675070
44.2241888,-76.4970834,83.29,0.064,05:17:2023:11:24:21.732093
44.224189,-76.4970839,83.316,0.058,05:17:2023:11:24:21.906305
44.2241893,-76.497085,83.388,0.059,05:17:2023:11:24:21.958321
44.2241894,-76.4970857,83.433,0.063,05:17:2023:11:24:22.015337
44.2241895,-76.4970861,83.46,0.071,05:17:2023:11:24:22.072066
44.2241896,-76.4970865,83.48,0.061,05:17:2023:11:24:22.246244
44.2241897,-76.4970871,83.523,0.057,05:17:2023:11:24:22.303065
44.2241898,-76.4970877,83.567,0.058,05:17:2023:11:24:22.359973
44.2241899,-76.4970882,83.595,0.057,05:17:2023:11:24:22.416912
44.22419,-76.4970886,83.624,0.058,05:17:2023:11:24:22.473939
44.2241901,-76.4970891,83.65,0.047,05:17:2023:11:24:22.499927
44.2241902,-76.4970896,83.68,0.051,05:17:2023:11:24:22.556947
44.2241904,-76.4970902,83.704,0.068,05:17:2023:11:24:22.613818
44.2241905,-76.4970907,83.736,0.074,05:17:2023:11:24:22.670741
44.2241906,-76.4970911,83.751,0.076,05:17:2023:11:24:22.841800
44.2241906,-76.4970911,83.751,0.076,05:17:2023:11:24:22.863315
44.2241906,-76.4970914,83.773,0.07,05:17:2023:11:24:22.898703
44.2241906,-76.4970919,83.8,0.081,05:17:2023:11:24:22.963959
44.2241908,-76.4970923,83.817,0.087,05:17:2023:11:24:23.021058
44.2241909,-76.4970928,83.86,0.056,05:17:2023:11:24:23.077786
44.2241909,-76.4970933,83.891,0.054,05:17:2023:11:24:23.118661
44.2241909,-76.4970933,83.891,0.054,05:17:2023:11:24:23.133095
44.2241909,-76.4970937,83.923,0.059,05:17:2023:11:24:23.175383
44.224191,-76.497094,83.94,0.044,05:17:2023:11:24:23.232316
44.224191,-76.4970942,83.94,0.032,05:17:2023:11:24:23.289340
44.2241911,-76.4970945,83.953,0.019,05:17:2023:11:24:23.346278
44.2241911,-76.4970948,83.976,0.021,05:17:2023:11:24:23.403224
44.2241912,-76.4970953,84.007,0.02,05:17:2023:11:24:23.567446
44.2241914,-76.4970963,84.06,0.053,05:17:2023:11:24:23.593502
44.2241914,-76.4970966,84.086,0.035,05:17:2023:11:24:23.773760
44.2241915,-76.497097,84.097,0.043,05:17:2023:11:24:23.830605
44.2241916,-76.4970978,84.15,0.034,05:17:2023:11:24:23.879825
44.2241916,-76.4970978,84.15,0.034,05:17:2023:11:24:23.894304
44.2241916,-76.4970982,84.178,0.038,05:17:2023:11:24:24.050622
44.2241916,-76.4970982,84.178,0.038,05:17:2023:11:24:24.071933
44.2241916,-76.4970985,84.203,0.041,05:17:2023:11:24:24.107416
44.2241919,-76.4970991,84.233,0.007,05:17:2023:11:24:24.164363
44.224192,-76.4970998,84.284,0.044,05:17:2023:11:24:24.221422
44.2241921,-76.497101,84.387,0.035,05:17:2023:11:24:24.278286
44.2241922,-76.4971016,84.416,0.048,05:17:2023:11:24:24.458657
44.2241923,-76.4971021,84.446,0.059,05:17:2023:11:24:24.515483
44.2241923,-76.4971027,84.491,0.056,05:17:2023:11:24:24.572498
44.2241923,-76.497103,84.519,0.042,05:17:2023:11:24:24.629322
44.2241923,-76.4971042,84.594,0.095,05:17:2023:11:24:24.673548
44.2241922,-76.4971046,84.625,0.093,05:17:2023:11:24:24.853624
44.2241921,-76.497105,84.648,0.11,05:17:2023:11:24:24.910525
44.2241922,-76.4971056,84.692,0.055,05:17:2023:11:24:24.967327
44.2241922,-76.4971061,84.732,0.074,05:17:2023:11:24:25.024257
44.2241922,-76.4971067,84.787,0.064,05:17:2023:11:24:25.081378
44.2241923,-76.4971079,84.868,0.063,05:17:2023:11:24:25.258533
44.2241922,-76.4971084,84.898,0.065,05:17:2023:11:24:25.315450
44.2241922,-76.4971088,84.943,0.052,05:17:2023:11:24:25.372256
44.2241921,-76.4971092,84.972,0.066,05:17:2023:11:24:25.429184
44.2241923,-76.4971099,84.999,0.067,05:17:2023:11:24:25.486185
44.2241923,-76.4971109,85.074,0.044,05:17:2023:11:24:25.540214
44.2241923,-76.4971109,85.074,0.044,05:17:2023:11:24:25.691085
44.2241924,-76.4971115,85.111,0.01,05:17:2023:11:24:25.720334
44.2241926,-76.497112,85.145,0.032,05:17:2023:11:24:25.777170
44.2241927,-76.4971126,85.188,0.046,05:17:2023:11:24:25.834134
44.2241927,-76.4971131,85.228,0.071,05:17:2023:11:24:25.899657
44.2241927,-76.4971136,85.273,0.061,05:17:2023:11:24:25.956352
44.2241927,-76.4971141,85.308,0.059,05:17:2023:11:24:26.013238
44.2241927,-76.4971146,85.341,0.064,05:17:2023:11:24:26.070309
44.2241927,-76.4971156,85.425,0.063,05:17:2023:11:24:26.250524
44.2241926,-76.4971161,85.467,0.048,05:17:2023:11:24:26.304396
44.2241926,-76.4971161,85.467,0.048,05:17:2023:11:24:26.332040
44.2241926,-76.4971165,85.496,0.04,05:17:2023:11:24:26.361254
44.2241926,-76.4971169,85.526,0.05,05:17:2023:11:24:26.418143
44.2241926,-76.4971179,85.604,0.046,05:17:2023:11:24:26.458994
44.2241926,-76.4971179,85.604,0.046,05:17:2023:11:24:26.473800
44.2241926,-76.4971184,85.645,0.053,05:17:2023:11:24:26.639227
44.2241927,-76.497119,85.678,0.052,05:17:2023:11:24:26.696188
44.2241927,-76.4971194,85.712,0.04,05:17:2023:11:24:26.753167
44.2241927,-76.4971199,85.748,0.036,05:17:2023:11:24:26.809949
44.2241927,-76.4971203,85.777,0.051,05:17:2023:11:24:26.875616
44.2241927,-76.4971209,85.814,0.055,05:17:2023:11:24:26.932333
44.2241928,-76.4971214,85.853,0.049,05:17:2023:11:24:27.096444
44.2241928,-76.4971214,85.853,0.049,05:17:2023:11:24:27.220317
44.2241928,-76.4971222,85.906,0.049,05:17:2023:11:24:27.261450
44.2241928,-76.4971226,85.935,0.036,05:17:2023:11:24:27.302717
44.2241927,-76.4971231,85.973,0.044,05:17:2023:11:24:27.359609
44.2241927,-76.4971236,86.001,0.048,05:17:2023:11:24:27.416648
44.2241927,-76.497124,86.033,0.047,05:17:2023:11:24:27.473527
44.2241927,-76.4971245,86.074,0.05,05:17:2023:11:24:27.530460
44.2241928,-76.4971251,86.104,0.059,05:17:2023:11:24:27.587566
44.2241928,-76.4971255,86.135,0.055,05:17:2023:11:24:27.644373
44.2241927,-76.4971259,86.165,0.035,05:17:2023:11:24:27.818357
44.2241927,-76.4971262,86.185,0.034,05:17:2023:11:24:27.875288
44.2241927,-76.4971266,86.21,0.04,05:17:2023:11:24:27.901436
44.2241926,-76.4971271,86.252,0.064,05:17:2023:11:24:27.966698
44.2241927,-76.4971281,86.327,0.047,05:17:2023:11:24:28.030944
44.2241927,-76.4971281,86.327,0.047,05:17:2023:11:24:28.038248
44.2241928,-76.4971285,86.347,0.035,05:17:2023:11:24:28.087898
44.2241928,-76.4971289,86.365,0.057,05:17:2023:11:24:28.145084
44.2241928,-76.4971293,86.399,0.046,05:17:2023:11:24:28.202015
44.2241927,-76.4971297,86.431,0.031,05:17:2023:11:24:28.252633
44.2241928,-76.4971301,86.46,0.035,05:17:2023:11:24:28.309597
44.2241929,-76.4971306,86.483,0.04,05:17:2023:11:24:28.366403
